age,gender,country,selfEmployed,employerTech,healthCoverage,mentalhealthCoverage,formal,,,,,,,,,,,,
37,Female,United States,,Yes,Yes,Not sure,No,,,,,,,,,,,,
44,M,United States,,No,Don't know,No,Don't know,,,,,,,,,,,,
32,Male,Canada,,Yes,No,No,No,,,,,,,,,,,,
31,Male,United Kingdom,,Yes,No,Yes,No,,,,,,,,,,,,
31,Male,United States,,Yes,Yes,No,Don't know,,,,,,,,,,,,
33,Male,United States,,Yes,Yes,Not sure,No,,,,,,,,,,,,
35,Female,United States,,Yes,No,No,No,,,,,,,,,,,,
39,M,Canada,,Yes,No,Yes,No,,,,,,,,,,,,
42,Female,United States,,Yes,Yes,Yes,No,,,,,,,,,,,,
23,Male,Canada,,Yes,Don't know,No,Don't know,,,,,,,,,,,,
31,Male,United States,,Yes,Don't know,No,No,,,,,,,,,,,,
29,male,Bulgaria,,Yes,Don't know,Not sure,No,,,,,,,,,,,,
42,female,United States,,No,Yes,Yes,No,,,,,,,,,,,,
36,Male,United States,,Yes,Don't know,Not sure,No,,,,,,,,,,,,
27,Male,Canada,,Yes,Don't know,Not sure,Don't know,,,,,,,,,,,,
29,female,United States,,Yes,Yes,Not sure,No,,,,,,,,,,,,
23,Male,United Kingdom,,Yes,Don't know,No,Don't know,,,,,,,,,,,,
32,Male,United States,,Yes,Yes,Yes,No,,,,,,,,,,,,
46,male,United States,Yes,Yes,Yes,Not sure,Yes,,,,,,,,,,,,
36,Male,France,Yes,Yes,No,No,Yes,,,,,,,,,,,,
29,Male,United States,No,Yes,Yes,Yes,No,,,,,,,,,,,,
31,male,United States,Yes,Yes,No,No,No,,,,,,,,,,,,
46,Male,United States,No,Yes,Yes,Yes,No,,,,,,,,,,,,
41,Male,United States,No,No,Don't know,No,No,,,,,,,,,,,,
33,male,United States,No,Yes,Yes,Not sure,Don't know,,,,,,,,,,,,
35,male,United States,No,No,Yes,Yes,No,,,,,,,,,,,,
33,male,United States,No,Yes,Don't know,Not sure,No,,,,,,,,,,,,
35,Female,United States,No,Yes,Yes,Yes,Don't know,,,,,,,,,,,,
34,male,United States,No,Yes,Don't know,Not sure,No,,,,,,,,,,,,
37,Male,United Kingdom,No,Yes,No,No,No,,,,,,,,,,,,
32,Male,United Kingdom,No,Yes,No,No,No,,,,,,,,,,,,
31,Male,United States,Yes,Yes,No,Yes,No,,,,,,,,,,,,
30,male,United Kingdom,No,Yes,Don't know,No,No,,,,,,,,,,,,
42,Male,United States,No,Yes,Yes,Yes,Yes,,,,,,,,,,,,
40,female,United States,No,Yes,Yes,Yes,No,,,,,,,,,,,,
27,Male,United States,No,Yes,No,Yes,No,,,,,,,,,,,,
29,Male,Canada,No,Yes,No,No,No,,,,,,,,,,,,
38,Male,Portugal,No,Yes,No,Yes,No,,,,,,,,,,,,
50,M,United States,No,Yes,Yes,Yes,No,,,,,,,,,,,,
35,M,United States,No,Yes,Yes,Yes,No,,,,,,,,,,,,
24,Male,United Kingdom,No,Yes,No,No,No,,,,,,,,,,,,
35,Male,United States,No,Yes,Yes,Not sure,Don't know,,,,,,,,,,,,
27,Male,Canada,No,Yes,No,Yes,No,,,,,,,,,,,,
18,Male,Netherlands,No,Yes,No,Not sure,No,,,,,,,,,,,,
30,Male,United States,No,Yes,Don't know,No,No,,,,,,,,,,,,
38,Female,United States,No,Yes,Yes,Yes,No,,,,,,,,,,,,
28,Male,United Kingdom,No,Yes,Don't know,Not sure,No,,,,,,,,,,,,
34,Male,United States,No,Yes,No,No,No,,,,,,,,,,,,
26,m,Canada,Yes,Yes,No,Yes,Yes,,,,,,,,,,,,
30,male,United States,No,Yes,Yes,No,No,,,,,,,,,,,,
22,M,United States,No,Yes,No,Yes,No,,,,,,,,,,,,
33,Male,United States,No,Yes,Don't know,Not sure,Don't know,,,,,,,,,,,,
31,M,United States,No,Yes,Don't know,No,Don't know,,,,,,,,,,,,
32,Male,United States,No,Yes,Don't know,Not sure,No,,,,,,,,,,,,
28,M,Switzerland,No,Yes,No,No,No,,,,,,,,,,,,
27,Male-ish,United States,No,Yes,Yes,Yes,No,,,,,,,,,,,,
32,maile,United States,No,Yes,Don't know,No,No,,,,,,,,,,,,
24,Male,United States,No,Yes,Don't know,No,No,,,,,,,,,,,,
26,Male,United States,No,No,No,No,No,,,,,,,,,,,,
33,male,Canada,No,Yes,Don't know,No,No,,,,,,,,,,,,
44,Male,United States,No,No,Yes,No,No,,,,,,,,,,,,
26,Female,Poland,No,Yes,Don't know,Not sure,Yes,,,,,,,,,,,,
27,Male,United Kingdom,No,Yes,Yes,Not sure,No,,,,,,,,,,,,
26,Male,France,No,Yes,No,No,No,,,,,,,,,,,,
35,male,Canada,No,Yes,Don't know,No,No,,,,,,,,,,,,
40,Male,United States,No,Yes,Yes,Yes,Yes,,,,,,,,,,,,
23,Female,Australia,No,Yes,No,Not sure,No,,,,,,,,,,,,
36,M,United States,No,Yes,Yes,No,Don't know,,,,,,,,,,,,
31,Female,United States,No,No,Don't know,No,Don't know,,,,,,,,,,,,
34,Male,United States,Yes,Yes,No,No,No,,,,,,,,,,,,
28,m,France,No,Yes,No,No,No,,,,,,,,,,,,
34,male,Canada,No,Yes,Don't know,Not sure,Don't know,,,,,,,,,,,,
23,Trans-female,United States,No,Yes,Yes,Yes,No,,,,,,,,,,,,
38,Male,United Kingdom,No,Yes,No,No,No,,,,,,,,,,,,
33,Male,United States,No,Yes,Don't know,Not sure,Yes,,,,,,,,,,,,
19,Male,United Kingdom,No,Yes,No,Yes,No,,,,,,,,,,,,
25,Male,United States,No,Yes,Yes,Yes,Yes,,,,,,,,,,,,
31,Male,United States,Yes,Yes,No,No,No,,,,,,,,,,,,
32,Male,United States,No,Yes,No,No,No,,,,,,,,,,,,
28,m,Germany,No,Yes,Don't know,No,Don't know,,,,,,,,,,,,
38,Male,United States,No,Yes,Yes,Yes,No,,,,,,,,,,,,
23,Male,United Kingdom,No,Yes,Yes,Not sure,Yes,,,,,,,,,,,,
30,male,Canada,No,No,No,No,No,,,,,,,,,,,,
27,Cis Female,United States,Yes,Yes,Yes,Yes,Yes,,,,,,,,,,,,
33,Male,United States,No,Yes,No,No,No,,,,,,,,,,,,
31,Male,United States,No,Yes,Don't know,Not sure,No,,,,,,,,,,,,
39,Male,United Kingdom,Yes,Yes,No,No,No,,,,,,,,,,,,
34,female,United States,No,Yes,Yes,Not sure,No,,,,,,,,,,,,
29,F,United States,No,Yes,Yes,Yes,No,,,,,,,,,,,,
32,M,United States,No,Yes,Don't know,No,No,,,,,,,,,,,,
31,Male,United States,No,Yes,Yes,Yes,Yes,,,,,,,,,,,,
40,male,United States,No,Yes,No,Yes,No,,,,,,,,,,,,
34,Male,United States,No,Yes,Don't know,No,No,,,,,,,,,,,,
18,something kinda male?,Russia,No,Yes,Yes,Yes,No,,,,,,,,,,,,
25,F,Canada,No,Yes,Yes,Yes,No,,,,,,,,,,,,
29,male,United States,No,Yes,Don't know,No,No,,,,,,,,,,,,
24,Male,United States,No,Yes,Don't know,Not sure,No,,,,,,,,,,,,
31,male,Mexico,No,Yes,Don't know,No,No,,,,,,,,,,,,
33,Cis Male,United States,No,Yes,No,Yes,No,,,,,,,,,,,,
30,M,United States,No,Yes,No,Yes,No,,,,,,,,,,,,
26,female,Canada,No,No,No,Yes,No,,,,,,,,,,,,
44,Female,United States,No,Yes,Yes,Not sure,Don't know,,,,,,,,,,,,
25,Male,United States,No,Yes,Don't know,No,Don't know,,,,,,,,,,,,
33,Male,United States,No,Yes,Yes,Yes,Yes,,,,,,,,,,,,
29,Male,United States,No,Yes,Yes,Not sure,Yes,,,,,,,,,,,,
35,Male,United States,No,Yes,Yes,Not sure,No,,,,,,,,,,,,
35,M,United States,No,Yes,Don't know,Not sure,No,,,,,,,,,,,,
28,Male,Brazil,No,Yes,No,No,No,,,,,,,,,,,,
34,m,United States,No,Yes,Yes,No,No,,,,,,,,,,,,
32,Male,United States,No,Yes,Yes,No,Yes,,,,,,,,,,,,
22,Male,United States,No,Yes,Yes,Yes,No,,,,,,,,,,,,
28,Male,United States,No,Yes,Yes,Yes,Yes,,,,,,,,,,,,
45,male,United States,No,Yes,Yes,Yes,No,,,,,,,,,,,,
32,Male,United States,No,Yes,Yes,Yes,No,,,,,,,,,,,,
28,male,United States,No,Yes,Don't know,No,No,,,,,,,,,,,,
26,Male,United Kingdom,No,Yes,Don't know,No,No,,,,,,,,,,,,
21,Male,United Kingdom,Yes,No,No,Yes,No,,,,,,,,,,,,
27,Male,Canada,No,No,Yes,Yes,Yes,,,,,,,,,,,,
18,Male,United States,No,Yes,No,No,No,,,,,,,,,,,,
35,Male,United States,No,Yes,Don't know,Not sure,No,,,,,,,,,,,,
29,Male,United States,No,Yes,Yes,Yes,No,,,,,,,,,,,,
25,Male,United States,No,Yes,Don't know,No,No,,,,,,,,,,,,
33,Male,United States,No,Yes,Don't know,No,Don't know,,,,,,,,,,,,
36,Male,United States,No,Yes,Yes,No,No,,,,,,,,,,,,
27,Male,Canada,No,No,Yes,Not sure,No,,,,,,,,,,,,
27,Male,United States,No,Yes,Yes,No,Yes,,,,,,,,,,,,
27,Male,United Kingdom,No,Yes,No,No,No,,,,,,,,,,,,
32,M,United States,No,Yes,Yes,Yes,No,,,,,,,,,,,,
31,Male,United Kingdom,No,Yes,No,No,No,,,,,,,,,,,,
19,male,Slovenia,No,Yes,Don't know,No,No,,,,,,,,,,,,
33,Male,United States,No,Yes,Yes,Yes,No,,,,,,,,,,,,
32,male,United States,No,Yes,No,Yes,No,,,,,,,,,,,,
27,Male,United States,No,Yes,Don't know,Not sure,Don't know,,,,,,,,,,,,
38,Male,Costa Rica,No,Yes,No,Yes,No,,,,,,,,,,,,
24,Male,Canada,No,Yes,Don't know,No,No,,,,,,,,,,,,
39,M,United Kingdom,No,No,No,No,No,,,,,,,,,,,,
28,Male,United Kingdom,No,Yes,Don't know,No,No,,,,,,,,,,,,
39,Male,United States,No,Yes,Yes,Not sure,No,,,,,,,,,,,,
29,Female,United States,No,Yes,Don't know,No,No,,,,,,,,,,,,
22,m,Austria,No,Yes,Don't know,No,Don't know,,,,,,,,,,,,
38,Male,United States,No,Yes,Don't know,No,Don't know,,,,,,,,,,,,
37,Male,United Kingdom,Yes,No,No,Yes,Yes,,,,,,,,,,,,
35,M,United States,No,No,Don't know,Not sure,Don't know,,,,,,,,,,,,
-29,Male,United States,No,No,Yes,No,Don't know,,,,,,,,,,,,
30,Female,United States,No,Yes,Don't know,Not sure,No,,,,,,,,,,,,
37,Male,United States,No,No,Yes,Yes,Yes,,,,,,,,,,,,
24,M,United Kingdom,No,Yes,No,No,No,,,,,,,,,,,,
23,Male,United States,No,No,No,No,No,,,,,,,,,,,,
30,male,Ireland,No,Yes,No,Yes,Yes,,,,,,,,,,,,
29,Female,United States,No,Yes,Don't know,Not sure,No,,,,,,,,,,,,
19,Male,Canada,Yes,Yes,Don't know,Not sure,No,,,,,,,,,,,,
32,male,United States,No,Yes,Don't know,Not sure,No,,,,,,,,,,,,
28,male,Poland,No,Yes,No,No,No,,,,,,,,,,,,
36,Male,United States,No,Yes,Don't know,Not sure,Don't know,,,,,,,,,,,,
37,Male,United Kingdom,No,No,Yes,Yes,Yes,,,,,,,,,,,,
25,Male,United States,No,No,Don't know,No,No,,,,,,,,,,,,
27,Male,United States,No,Yes,Don't know,No,No,,,,,,,,,,,,
26,male,United States,No,No,Don't know,Not sure,No,,,,,,,,,,,,
27,male,United States,No,Yes,No,Yes,No,,,,,,,,,,,,
25,Male,United States,No,Yes,Don't know,Not sure,No,,,,,,,,,,,,
36,Male,United Kingdom,No,No,Yes,Yes,Yes,,,,,,,,,,,,
25,F,United States,No,Yes,Yes,No,No,,,,,,,,,,,,
31,M,United States,No,Yes,Yes,No,No,,,,,,,,,,,,
26,male,United States,No,Yes,Don't know,No,No,,,,,,,,,,,,
33,F,United States,Yes,Yes,No,Yes,Yes,,,,,,,,,,,,
27,Woman,United Kingdom,Yes,Yes,No,Yes,No,,,,,,,,,,,,
34,Male,United States,No,Yes,No,No,No,,,,,,,,,,,,
42,male,United States,No,Yes,No,Yes,No,,,,,,,,,,,,
23,male,Ireland,Yes,Yes,No,No,No,,,,,,,,,,,,
24,Male,United Kingdom,No,Yes,Don't know,Not sure,Yes,,,,,,,,,,,,
26,Male,United Kingdom,No,Yes,Yes,Yes,Don't know,,,,,,,,,,,,
31,Male,United Kingdom,Yes,Yes,Don't know,No,No,,,,,,,,,,,,
22,M,India,No,Yes,Don't know,Not sure,No,,,,,,,,,,,,
23,Female,United States,No,Yes,Don't know,No,No,,,,,,,,,,,,
34,Female,Canada,No,No,Yes,Yes,Yes,,,,,,,,,,,,
31,male,United States,No,Yes,Don't know,Not sure,No,,,,,,,,,,,,
28,Male,United Kingdom,No,No,No,Not sure,No,,,,,,,,,,,,
32,Female,United States,No,Yes,Yes,Not sure,Don't know,,,,,,,,,,,,
45,F,United States,No,Yes,Yes,No,No,,,,,,,,,,,,
33,Male,United States,No,Yes,Don't know,No,No,,,,,,,,,,,,
29,male,Mexico,No,Yes,No,No,No,,,,,,,,,,,,
26,f,India,Yes,No,No,No,No,,,,,,,,,,,,
28,Female,United Kingdom,No,Yes,Don't know,No,No,,,,,,,,,,,,
45,M,United States,No,Yes,Don't know,Not sure,Don't know,,,,,,,,,,,,
43,Male,United States,No,Yes,Yes,Not sure,No,,,,,,,,,,,,
37,male,United States,No,Yes,Yes,No,No,,,,,,,,,,,,
24,Male,United Kingdom,No,Yes,Don't know,No,No,,,,,,,,,,,,
26,Male,France,No,Yes,No,Yes,No,,,,,,,,,,,,
23,male,United Kingdom,No,Yes,Don't know,No,No,,,,,,,,,,,,
35,Female,United States,No,Yes,Yes,Not sure,Don't know,,,,,,,,,,,,
38,Female,South Africa,Yes,Yes,No,Yes,No,,,,,,,,,,,,
28,Male,United States,No,Yes,Yes,No,No,,,,,,,,,,,,
28,Male,Russia,No,Yes,No,No,No,,,,,,,,,,,,
35,Male,United States,No,Yes,No,No,No,,,,,,,,,,,,
32,female,Germany,No,Yes,No,No,No,,,,,,,,,,,,
31,Mal,Italy,Yes,Yes,No,No,No,,,,,,,,,,,,
35,Female,United States,No,Yes,Don't know,Not sure,No,,,,,,,,,,,,
26,Male,United States,No,Yes,Yes,No,No,,,,,,,,,,,,
27,Male,United States,No,Yes,Yes,Yes,No,,,,,,,,,,,,
28,Male,United Kingdom,No,Yes,Don't know,No,No,,,,,,,,,,,,
27,Female,United States,No,Yes,Yes,No,No,,,,,,,,,,,,
34,female,United States,No,No,Yes,Yes,Yes,,,,,,,,,,,,
41,male,United States,No,Yes,No,Not sure,No,,,,,,,,,,,,
37,Male,Ireland,No,Yes,No,Yes,No,,,,,,,,,,,,
34,male,Austria,No,Yes,Don't know,No,Don't know,,,,,,,,,,,,
32,Male,United Kingdom,No,Yes,Don't know,Not sure,No,,,,,,,,,,,,
21,Male,Canada,No,Yes,No,Yes,No,,,,,,,,,,,,
30,M,United States,No,Yes,No,Yes,No,,,,,,,,,,,,
24,male,United States,No,Yes,Don't know,Not sure,No,,,,,,,,,,,,
26,male,Bulgaria,No,Yes,No,No,No,,,,,,,,,,,,
40,Female,United States,No,Yes,Yes,Yes,Yes,,,,,,,,,,,,
37,Male,United Kingdom,No,No,No,No,No,,,,,,,,,,,,
26,Male,United Kingdom,Yes,Yes,No,No,No,,,,,,,,,,,,
32,F,United States,No,Yes,Don't know,No,No,,,,,,,,,,,,
32,f,United States,No,No,Yes,Yes,Don't know,,,,,,,,,,,,
27,female,United States,Yes,Yes,No,No,Don't know,,,,,,,,,,,,
30,Male,Germany,Yes,Yes,Yes,Yes,No,,,,,,,,,,,,
31,M,Canada,Yes,Yes,Yes,Yes,No,,,,,,,,,,,,
29,F,United States,No,No,Yes,No,No,,,,,,,,,,,,
41,Male (CIS),United States,No,Yes,Yes,Not sure,No,,,,,,,,,,,,
34,female,United States,No,Yes,Yes,No,No,,,,,,,,,,,,
33,Male,United Kingdom,No,Yes,Don't know,No,No,,,,,,,,,,,,
28,male,United States,No,Yes,Don't know,No,No,,,,,,,,,,,,
28,Male,United States,No,Yes,No,Yes,No,,,,,,,,,,,,
23,Male,United States,No,Yes,Don't know,Not sure,Don't know,,,,,,,,,,,,
24,M,United States,No,Yes,Don't know,No,Don't know,,,,,,,,,,,,
32,male,United States,No,Yes,No,Yes,No,,,,,,,,,,,,
34,Male,Australia,Yes,Yes,Don't know,Not sure,Yes,,,,,,,,,,,,
24,Male,United States,No,Yes,Yes,Not sure,No,,,,,,,,,,,,
26,male,United Kingdom,Yes,Yes,No,Yes,No,,,,,,,,,,,,
36,Male,United States,No,Yes,Yes,No,No,,,,,,,,,,,,
41,Male,United States,No,Yes,Yes,Yes,No,,,,,,,,,,,,
38,Male,United Kingdom,No,No,Don't know,Not sure,Don't know,,,,,,,,,,,,
38,Male,United States,No,Yes,Don't know,Not sure,No,,,,,,,,,,,,
30,male,Netherlands,No,Yes,Don't know,No,Don't know,,,,,,,,,,,,
25,Male,United Kingdom,No,Yes,No,No,No,,,,,,,,,,,,
37,Male,Canada,No,Yes,Yes,Yes,No,,,,,,,,,,,,
34,Male,United Kingdom,No,Yes,No,No,No,,,,,,,,,,,,
37,F,United States,No,No,Yes,Yes,Yes,,,,,,,,,,,,
28,Female,Canada,No,No,Yes,Yes,Yes,,,,,,,,,,,,
22,Male,Sweden,No,Yes,Don't know,No,No,,,,,,,,,,,,
34,male,United States,No,Yes,No,No,No,,,,,,,,,,,,
33,M,United States,No,Yes,Yes,Yes,Yes,,,,,,,,,,,,
25,Male,South Africa,No,Yes,No,No,No,,,,,,,,,,,,
27,Male,United States,No,Yes,Yes,Yes,Don't know,,,,,,,,,,,,
40,M,United States,No,Yes,Yes,Yes,Yes,,,,,,,,,,,,
21,Male,United States,No,No,Don't know,No,No,,,,,,,,,,,,
29,Male,United Kingdom,No,No,No,No,No,,,,,,,,,,,,
32,M,United States,No,Yes,No,No,No,,,,,,,,,,,,
29,f,United States,No,No,Yes,Yes,Yes,,,,,,,,,,,,
23,Male,United States,No,No,Don't know,No,No,,,,,,,,,,,,
28,Male,United States,No,Yes,Yes,No,No,,,,,,,,,,,,
31,male,United States,No,Yes,Yes,Yes,Yes,,,,,,,,,,,,
27,Male,United Kingdom,No,No,Don't know,Not sure,Don't know,,,,,,,,,,,,
24,Male,United States,No,Yes,Don't know,No,Don't know,,,,,,,,,,,,
29,Male,Canada,No,Yes,No,No,No,,,,,,,,,,,,
23,Female,United Kingdom,No,Yes,Don't know,Not sure,Don't know,,,,,,,,,,,,
42,Male,United States,No,Yes,No,Yes,No,,,,,,,,,,,,
24,Male,United Kingdom,No,Yes,No,No,No,,,,,,,,,,,,
25,Male,Australia,No,Yes,No,Yes,No,,,,,,,,,,,,
27,Female,United States,No,Yes,Yes,No,No,,,,,,,,,,,,
27,Male,Canada,No,Yes,No,Yes,No,,,,,,,,,,,,
30,Male,United States,No,Yes,Yes,Yes,No,,,,,,,,,,,,
29,male,Poland,No,Yes,No,Yes,No,,,,,,,,,,,,
43,Male,Canada,Yes,Yes,No,Not sure,No,,,,,,,,,,,,
32,male,United States,No,Yes,No,Yes,No,,,,,,,,,,,,
41,Male,United States,No,Yes,Yes,Yes,Don't know,,,,,,,,,,,,
32,Male,United Kingdom,Yes,Yes,Don't know,Not sure,Don't know,,,,,,,,,,,,
37,Female,United States,No,Yes,Yes,Yes,No,,,,,,,,,,,,
32,Male,United States,No,Yes,No,No,No,,,,,,,,,,,,
30,Male,Ireland,Yes,Yes,No,No,No,,,,,,,,,,,,
23,female,United States,No,No,Yes,No,Don't know,,,,,,,,,,,,
30,Male,United States,No,Yes,Yes,Yes,Yes,,,,,,,,,,,,
34,male,United Kingdom,No,Yes,No,Yes,No,,,,,,,,,,,,
38,Male,United States,No,Yes,Yes,No,No,,,,,,,,,,,,
33,Male,Canada,No,Yes,Yes,No,Yes,,,,,,,,,,,,
34,male,United States,No,No,Yes,No,No,,,,,,,,,,,,
28,male,Colombia,No,Yes,No,Yes,No,,,,,,,,,,,,
28,male,United States,No,No,Yes,Yes,Yes,,,,,,,,,,,,
23,Male,United States,No,Yes,Don't know,No,No,,,,,,,,,,,,
22,Male,Australia,Yes,Yes,Don't know,Not sure,Yes,,,,,,,,,,,,
27,male,Portugal,No,Yes,No,No,No,,,,,,,,,,,,
18,male,United States,No,Yes,Don't know,No,No,,,,,,,,,,,,
35,male,United States,No,Yes,Yes,Yes,No,,,,,,,,,,,,
25,Male,Canada,No,No,Don't know,Not sure,No,,,,,,,,,,,,
27,Male,United Kingdom,No,Yes,No,No,No,,,,,,,,,,,,
26,Female,United States,No,Yes,Yes,Not sure,Don't know,,,,,,,,,,,,
18,Male,United States,No,Yes,Don't know,Not sure,Don't know,,,,,,,,,,,,
38,Female,United States,No,Yes,No,Yes,No,,,,,,,,,,,,
26,Female,United States,No,Yes,Yes,Yes,Yes,,,,,,,,,,,,
30,Male,Switzerland,Yes,Yes,No,No,No,,,,,,,,,,,,
35,male,United States,No,Yes,Don't know,No,No,,,,,,,,,,,,
45,male,United States,No,Yes,Yes,Yes,Don't know,,,,,,,,,,,,
32,Male,United States,No,Yes,Yes,No,No,,,,,,,,,,,,
56,Male,United States,No,Yes,Yes,Not sure,Don't know,,,,,,,,,,,,
24,Female,United States,No,Yes,Don't know,Not sure,No,,,,,,,,,,,,
30,F,United States,No,Yes,Yes,Yes,Yes,,,,,,,,,,,,
60,male,United States,No,Yes,Yes,No,Don't know,,,,,,,,,,,,
33,Male,United States,No,Yes,Yes,No,Yes,,,,,,,,,,,,
37,M,United States,No,Yes,Yes,Yes,Yes,,,,,,,,,,,,
23,Female,United States,No,Yes,Yes,Yes,Yes,,,,,,,,,,,,
31,f,United States,No,Yes,Yes,Not sure,Don't know,,,,,,,,,,,,
26,Male,United States,No,Yes,Yes,Not sure,No,,,,,,,,,,,,
28,female,United States,No,No,Yes,Yes,Yes,,,,,,,,,,,,
37,F,United States,No,Yes,Yes,Yes,Don't know,,,,,,,,,,,,
26,male,Canada,No,Yes,Yes,No,No,,,,,,,,,,,,
30,queer/she/they,United States,No,Yes,Yes,Not sure,No,,,,,,,,,,,,
26,M,United States,No,Yes,No,No,No,,,,,,,,,,,,
25,Male,United States,No,Yes,Don't know,Not sure,No,,,,,,,,,,,,
27,Male,United States,No,Yes,Yes,Not sure,Yes,,,,,,,,,,,,
25,Male,Canada,No,No,Don't know,No,No,,,,,,,,,,,,
35,male,United States,No,Yes,Yes,Not sure,Don't know,,,,,,,,,,,,
36,Male,United States,Yes,Yes,No,Yes,No,,,,,,,,,,,,
26,Male,United States,No,Yes,Yes,Not sure,No,,,,,,,,,,,,
27,Male,United States,No,Yes,Don't know,No,Don't know,,,,,,,,,,,,
30,male,United States,No,No,Don't know,Not sure,No,,,,,,,,,,,,
29,M,United States,No,No,Don't know,Not sure,No,,,,,,,,,,,,
25,Male,United States,No,No,Yes,Yes,Yes,,,,,,,,,,,,
22,Female,United States,No,Yes,Yes,Yes,Yes,,,,,,,,,,,,
29,male,Latvia,No,Yes,No,Yes,No,,,,,,,,,,,,
41,Male,United States,No,Yes,Yes,Yes,Don't know,,,,,,,,,,,,
29,Male,United States,No,Yes,Yes,No,No,,,,,,,,,,,,
32,Male,United States,No,Yes,Yes,Not sure,Don't know,,,,,,,,,,,,
24,female,United States,No,Yes,Yes,Yes,No,,,,,,,,,,,,
25,Male,United States,No,Yes,Yes,No,Don't know,,,,,,,,,,,,
25,m,United States,No,Yes,Don't know,Not sure,Don't know,,,,,,,,,,,,
30,Female,United States,No,Yes,Yes,Yes,Yes,,,,,,,,,,,,
25,Male,United States,No,Yes,Don't know,Not sure,Don't know,,,,,,,,,,,,
30,Male,United States,Yes,Yes,No,Yes,No,,,,,,,,,,,,
33,male,Germany,Yes,No,No,No,No,,,,,,,,,,,,
24,Male,United States,No,Yes,Yes,Not sure,Yes,,,,,,,,,,,,
25,Male,Canada,No,Yes,Yes,Yes,No,,,,,,,,,,,,
31,Male,United States,No,No,Don't know,No,No,,,,,,,,,,,,
45,Male,Ireland,Yes,Yes,No,No,No,,,,,,,,,,,,
29,m,Romania,No,No,No,Yes,No,,,,,,,,,,,,
46,M,United States,No,Yes,Yes,Not sure,Yes,,,,,,,,,,,,
30,Male,United Kingdom,No,Yes,Don't know,No,No,,,,,,,,,,,,
29,F,United States,Yes,Yes,Yes,Not sure,Don't know,,,,,,,,,,,,
24,Male,United States,No,Yes,Yes,Yes,Don't know,,,,,,,,,,,,
29,male,United States,No,Yes,Yes,Yes,Yes,,,,,,,,,,,,
35,Male,United States,No,No,Don't know,Not sure,No,,,,,,,,,,,,
33,f,United States,No,Yes,No,Yes,No,,,,,,,,,,,,
27,Male,United States,No,Yes,Don't know,Not sure,Don't know,,,,,,,,,,,,
36,Male,United States,No,Yes,Don't know,Not sure,Don't know,,,,,,,,,,,,
33,Male,United Kingdom,No,Yes,Don't know,No,No,,,,,,,,,,,,
25,F,United States,No,Yes,Yes,Yes,No,,,,,,,,,,,,
23,Male,United States,No,No,Don't know,No,No,,,,,,,,,,,,
54,M,United States,No,Yes,Don't know,No,Yes,,,,,,,,,,,,
22,Male,United States,No,Yes,Don't know,No,Don't know,,,,,,,,,,,,
25,non-binary,United States,No,Yes,Yes,Yes,Don't know,,,,,,,,,,,,
29,Male,Belgium,No,No,Don't know,No,No,,,,,,,,,,,,
27,Male,United States,No,Yes,Yes,Yes,Yes,,,,,,,,,,,,
30,Male,United Kingdom,No,Yes,No,No,No,,,,,,,,,,,,
26,male,United States,No,Yes,Yes,Not sure,Don't know,,,,,,,,,,,,
25,Female,Sweden,No,Yes,Yes,Yes,Yes,,,,,,,,,,,,
31,Male,United States,No,No,No,Yes,No,,,,,,,,,,,,
33,M,United States,No,Yes,Don't know,Not sure,No,,,,,,,,,,,,
34,M,United States,No,Yes,Yes,Yes,Don't know,,,,,,,,,,,,
34,Male,United States,No,Yes,No,No,No,,,,,,,,,,,,
29,M,United States,Yes,Yes,No,Yes,No,,,,,,,,,,,,
33,Femake,United States,No,Yes,No,No,No,,,,,,,,,,,,
34,male,Germany,Yes,Yes,No,No,No,,,,,,,,,,,,
26,male,United States,Yes,No,No,No,No,,,,,,,,,,,,
32,Male,United States,No,No,Yes,Yes,Yes,,,,,,,,,,,,
329,Male,United States,No,Yes,Yes,Yes,No,,,,,,,,,,,,
28,Male,United States,No,Yes,Don't know,Not sure,No,,,,,,,,,,,,
35,Male,United States,No,Yes,Yes,No,Yes,,,,,,,,,,,,
36,Male,United States,No,Yes,No,Yes,No,,,,,,,,,,,,
21,Male,United States,No,Yes,Yes,No,No,,,,,,,,,,,,
21,Male,United Kingdom,No,No,Don't know,Not sure,No,,,,,,,,,,,,
22,F,United States,No,Yes,Yes,No,Yes,,,,,,,,,,,,
41,m,United States,No,Yes,Yes,No,Yes,,,,,,,,,,,,
55,M,United States,No,Yes,Yes,Yes,Yes,,,,,,,,,,,,
32,F,United States,No,Yes,Yes,Yes,Yes,,,,,,,,,,,,
21,F,United States,No,Yes,Don't know,Not sure,Don't know,,,,,,,,,,,,
45,M,United States,No,Yes,Yes,Yes,Don't know,,,,,,,,,,,,
27,female,United States,No,Yes,Yes,Yes,No,,,,,,,,,,,,
25,Female,United States,No,Yes,Don't know,No,No,,,,,,,,,,,,
34,woman,United States,No,No,Yes,Yes,Yes,,,,,,,,,,,,
26,F,United States,No,Yes,Yes,Yes,No,,,,,,,,,,,,
41,Male,Canada,No,Yes,Yes,Not sure,No,,,,,,,,,,,,
27,Male,United States,No,Yes,Yes,No,Yes,,,,,,,,,,,,
31,Make,United States,No,Yes,Yes,No,No,,,,,,,,,,,,
25,Male,Germany,No,Yes,No,No,No,,,,,,,,,,,,
26,M,United States,No,Yes,Don't know,No,No,,,,,,,,,,,,
27,female,United States,No,Yes,Yes,Yes,No,,,,,,,,,,,,
42,Male,New Zealand,No,Yes,Don't know,Not sure,No,,,,,,,,,,,,
29,Nah,United States,Yes,Yes,Yes,Yes,No,,,,,,,,,,,,
25,female,United States,No,Yes,Don't know,Not sure,No,,,,,,,,,,,,
33,Female,Sweden,No,Yes,Yes,Yes,No,,,,,,,,,,,,
99999999999,All,Zimbabwe,Yes,Yes,No,Yes,No,,,,,,,,,,,,
40,female,United States,No,No,Yes,No,Don't know,,,,,,,,,,,,
31,Male,United States,No,Yes,Don't know,No,No,,,,,,,,,,,,
26,Male,Canada,No,Yes,Don't know,No,Don't know,,,,,,,,,,,,
24,female,United States,No,No,No,No,No,,,,,,,,,,,,
29,Male,United States,No,No,Yes,Not sure,No,,,,,,,,,,,,
48,M,United Kingdom,No,Yes,Don't know,No,No,,,,,,,,,,,,
35,Male,United Kingdom,No,Yes,No,No,No,,,,,,,,,,,,
32,female,United States,No,Yes,Don't know,Not sure,No,,,,,,,,,,,,
29,Male,Canada,No,Yes,Don't know,Not sure,Don't know,,,,,,,,,,,,
26,Male,United States,No,Yes,Yes,Yes,No,,,,,,,,,,,,
28,Male,United States,No,Yes,Yes,Yes,No,,,,,,,,,,,,
23,male,United States,No,Yes,Don't know,No,No,,,,,,,,,,,,
35,M,United States,No,Yes,Yes,Yes,No,,,,,,,,,,,,
29,male,Germany,No,Yes,Don't know,No,No,,,,,,,,,,,,
26,Male,United States,No,Yes,Yes,Yes,No,,,,,,,,,,,,
33,Male,United States,No,Yes,Yes,Yes,Yes,,,,,,,,,,,,
33,Male,United States,No,Yes,Don't know,No,Don't know,,,,,,,,,,,,
22,Male,Brazil,Yes,Yes,Don't know,No,No,,,,,,,,,,,,
30,female,Spain,No,Yes,No,No,No,,,,,,,,,,,,
33,male,United States,No,Yes,Yes,Yes,No,,,,,,,,,,,,
31,Female,United States,No,No,Don't know,Not sure,No,,,,,,,,,,,,
21,male,United States,No,Yes,Don't know,Not sure,Don't know,,,,,,,,,,,,
31,Enby,United Kingdom,No,Yes,Don't know,No,No,,,,,,,,,,,,
26,F,United States,No,Yes,Don't know,Not sure,Don't know,,,,,,,,,,,,
30,Male,United States,No,Yes,Don't know,No,No,,,,,,,,,,,,
30,fluid,Germany,No,Yes,Don't know,Not sure,No,,,,,,,,,,,,
23,Male,India,No,Yes,No,No,No,,,,,,,,,,,,
34,Male,Finland,No,Yes,No,No,No,,,,,,,,,,,,
55,M,United States,No,Yes,No,Yes,No,,,,,,,,,,,,
28,male,Germany,No,Yes,Yes,No,No,,,,,,,,,,,,
26,M,Uruguay,No,Yes,Don't know,No,Don't know,,,,,,,,,,,,
28,Male,New Zealand,No,Yes,Yes,Yes,Yes,,,,,,,,,,,,
32,Male,United Kingdom,No,Yes,No,No,No,,,,,,,,,,,,
28,Female,United States,No,No,Yes,Yes,No,,,,,,,,,,,,
21,M,United States,No,No,Don't know,Not sure,No,,,,,,,,,,,,
24,Male,United States,No,Yes,No,Yes,No,,,,,,,,,,,,
26,Female,United States,No,No,Yes,Not sure,Yes,,,,,,,,,,,,
23,Male,United States,No,No,Yes,No,No,,,,,,,,,,,,
24,Female,United States,No,Yes,Yes,Yes,Yes,,,,,,,,,,,,
28,Male,Canada,Yes,Yes,Don't know,No,No,,,,,,,,,,,,
24,F,United States,No,Yes,No,No,No,,,,,,,,,,,,
33,male,United States,Yes,Yes,No,No,No,,,,,,,,,,,,
34,male,United States,No,Yes,Don't know,No,No,,,,,,,,,,,,
27,female,United States,No,Yes,Don't know,Not sure,No,,,,,,,,,,,,
28,Male,United States,No,Yes,Don't know,No,No,,,,,,,,,,,,
26,Male,United States,No,Yes,Don't know,Not sure,Don't know,,,,,,,,,,,,
20,Male,Australia,No,Yes,Don't know,Not sure,Don't know,,,,,,,,,,,,
23,female,United States,No,Yes,Yes,Yes,No,,,,,,,,,,,,
29,Male,United States,No,Yes,Yes,Yes,Yes,,,,,,,,,,,,
26,Male,United Kingdom,No,Yes,No,No,No,,,,,,,,,,,,
36,Male,United States,No,Yes,Yes,No,Yes,,,,,,,,,,,,
41,m,United States,No,Yes,Yes,Yes,Yes,,,,,,,,,,,,
33,female,United States,No,Yes,Yes,No,Don't know,,,,,,,,,,,,
23,M,Canada,No,Yes,Yes,Yes,No,,,,,,,,,,,,
39,Male,United States,No,Yes,Yes,No,No,,,,,,,,,,,,
34,M,United States,No,Yes,Yes,Not sure,Don't know,,,,,,,,,,,,
26,F,United States,No,Yes,Yes,Yes,No,,,,,,,,,,,,
24,Male,United States,No,Yes,Yes,Yes,Yes,,,,,,,,,,,,
37,Male,Canada,No,No,Yes,Yes,Yes,,,,,,,,,,,,
43,Male,United States,Yes,Yes,Yes,Yes,No,,,,,,,,,,,,
40,Genderqueer,United States,No,Yes,Yes,Yes,Yes,,,,,,,,,,,,
30,male,United States,No,Yes,Yes,Yes,Yes,,,,,,,,,,,,
34,M,United States,No,Yes,Don't know,Not sure,No,,,,,,,,,,,,
27,Male,United States,No,Yes,Don't know,Not sure,No,,,,,,,,,,,,
36,Male,United States,No,Yes,Don't know,No,No,,,,,,,,,,,,
27,Male,Brazil,No,Yes,No,Yes,No,,,,,,,,,,,,
35,Male,Netherlands,No,Yes,Yes,No,No,,,,,,,,,,,,
32,Male,United Kingdom,No,Yes,No,No,No,,,,,,,,,,,,
37,M,United States,No,Yes,Yes,No,No,,,,,,,,,,,,
29,Male,United Kingdom,No,Yes,Don't know,No,Don't know,,,,,,,,,,,,
33,Female ,United States,No,Yes,Yes,Not sure,Yes,,,,,,,,,,,,
28,Make,United States,No,Yes,No,Yes,No,,,,,,,,,,,,
26,Female,United States,No,Yes,Don't know,Not sure,No,,,,,,,,,,,,
27,M,United States,No,Yes,Don't know,No,Yes,,,,,,,,,,,,
38,Male,United Kingdom,Yes,Yes,No,No,No,,,,,,,,,,,,
57,M,United States,No,Yes,Yes,Yes,No,,,,,,,,,,,,
28,Male,United Kingdom,No,Yes,No,No,No,,,,,,,,,,,,
26,male,France,No,Yes,No,Yes,No,,,,,,,,,,,,
42,f,Netherlands,No,Yes,Yes,Yes,No,,,,,,,,,,,,
31,Male,United States,No,Yes,Yes,Yes,Yes,,,,,,,,,,,,
58,Male,United States,No,Yes,Yes,Yes,Yes,,,,,,,,,,,,
29,Male,United States,No,Yes,Don't know,No,No,,,,,,,,,,,,
39,Female,United Kingdom,No,Yes,Yes,Yes,No,,,,,,,,,,,,
34,Male,United States,No,Yes,Don't know,No,No,,,,,,,,,,,,
57,Male,United States,No,Yes,Yes,Not sure,Yes,,,,,,,,,,,,
27,Male,Germany,No,Yes,No,Not sure,No,,,,,,,,,,,,
23,male,Germany,Yes,Yes,Don't know,No,Don't know,,,,,,,,,,,,
18,male,Finland,No,No,Don't know,No,No,,,,,,,,,,,,
30,female,United States,No,Yes,Don't know,Not sure,No,,,,,,,,,,,,
23,Male,United States,No,No,Don't know,Not sure,Don't know,,,,,,,,,,,,
43,M,United States,No,Yes,Yes,Yes,Yes,,,,,,,,,,,,
18,Female,United Kingdom,No,Yes,Don't know,Not sure,Don't know,,,,,,,,,,,,
29,male,United States,No,Yes,Yes,Yes,No,,,,,,,,,,,,
48,M,United States,No,Yes,Don't know,No,No,,,,,,,,,,,,
43,male,Germany,No,No,No,Yes,Don't know,,,,,,,,,,,,
28,Female,United States,No,Yes,Don't know,Not sure,No,,,,,,,,,,,,
30,Male,United States,Yes,Yes,No,Yes,No,,,,,,,,,,,,
26,Male,Israel,No,Yes,No,No,No,,,,,,,,,,,,
33,Male,Italy,No,No,No,No,No,,,,,,,,,,,,
31,Male,United States,No,Yes,Yes,Not sure,Don't know,,,,,,,,,,,,
30,M,United States,No,No,Don't know,Not sure,No,,,,,,,,,,,,
27,Male,Israel,No,Yes,No,No,No,,,,,,,,,,,,
24,Female,United States,Yes,Yes,No,No,Don't know,,,,,,,,,,,,
25,male,United States,No,Yes,Don't know,Not sure,Don't know,,,,,,,,,,,,
23,Female,United States,No,Yes,Yes,Not sure,Don't know,,,,,,,,,,,,
36,m,United States,No,No,Yes,Not sure,No,,,,,,,,,,,,
25,female,United States,Yes,Yes,Don't know,Not sure,No,,,,,,,,,,,,
54,Male,United Kingdom,No,No,No,Yes,Yes,,,,,,,,,,,,
34,Male,Netherlands,No,Yes,Don't know,Not sure,Don't know,,,,,,,,,,,,
38,female,United States,No,Yes,Yes,Yes,No,,,,,,,,,,,,
40,Male,Ireland,Yes,Yes,No,No,No,,,,,,,,,,,,
32,male,United Kingdom,No,Yes,No,Not sure,No,,,,,,,,,,,,
25,Male,Germany,No,No,Don't know,Not sure,Don't know,,,,,,,,,,,,
35,Female,United States,No,Yes,No,Yes,No,,,,,,,,,,,,
46,male,United States,No,Yes,Yes,Yes,Yes,,,,,,,,,,,,
42,male,United States,No,No,Yes,No,Yes,,,,,,,,,,,,
32,male,United Kingdom,No,Yes,Yes,No,No,,,,,,,,,,,,
47,M,United States,No,Yes,Yes,Yes,Yes,,,,,,,,,,,,
22,Male,United States,No,Yes,Yes,Not sure,Yes,,,,,,,,,,,,
33,Female,United States,No,Yes,Yes,Yes,Yes,,,,,,,,,,,,
25,f,United States,No,Yes,No,No,No,,,,,,,,,,,,
29,M,United States,No,Yes,Don't know,Not sure,No,,,,,,,,,,,,
39,Male,United States,No,Yes,Yes,Yes,Yes,,,,,,,,,,,,
38,male,United States,No,Yes,Yes,Not sure,Yes,,,,,,,,,,,,
43,Male,United States,No,Yes,Don't know,No,No,,,,,,,,,,,,
46,Male,United States,No,Yes,Yes,Not sure,Yes,,,,,,,,,,,,
38,Female,United States,No,No,Yes,Yes,Yes,,,,,,,,,,,,
33,Male,Germany,No,Yes,Yes,Yes,No,,,,,,,,,,,,
34,Male,United Kingdom,No,Yes,No,Yes,No,,,,,,,,,,,,
62,M,United States,No,Yes,Yes,Yes,Don't know,,,,,,,,,,,,
23,F,United States,No,No,Don't know,Not sure,Don't know,,,,,,,,,,,,
35,Male,United States,No,No,No,No,No,,,,,,,,,,,,
25,Male,Bosnia and Herzegovina,No,Yes,Don't know,Not sure,Don't know,,,,,,,,,,,,
36,M,United States,Yes,Yes,Don't know,Yes,Don't know,,,,,,,,,,,,
41,Female,United States,No,Yes,Yes,Yes,Yes,,,,,,,,,,,,
24,male,Austria,Yes,Yes,Yes,Yes,Don't know,,,,,,,,,,,,
51,Male,New Zealand,No,Yes,No,Yes,Yes,,,,,,,,,,,,
29,M,United States,No,Yes,Yes,Yes,No,,,,,,,,,,,,
31,Female,Canada,Yes,Yes,Don't know,Not sure,Don't know,,,,,,,,,,,,
27,Male,United Kingdom,No,Yes,No,No,No,,,,,,,,,,,,
31,Male,Australia,No,Yes,Yes,Yes,Yes,,,,,,,,,,,,
27,female,Hungary,Yes,Yes,No,No,No,,,,,,,,,,,,
23,Male,Sweden,No,Yes,Don't know,No,No,,,,,,,,,,,,
21,Male,Canada,No,Yes,Don't know,Not sure,Don't know,,,,,,,,,,,,
27,Female,Australia,No,Yes,No,Yes,No,,,,,,,,,,,,
39,M,United States,No,Yes,Yes,Yes,Yes,,,,,,,,,,,,
26,M,United States,No,Yes,Don't know,No,No,,,,,,,,,,,,
27,Male,United Kingdom,No,Yes,Don't know,No,No,,,,,,,,,,,,
22,Female,United States,No,Yes,Yes,Yes,No,,,,,,,,,,,,
26,F,United States,No,No,Don't know,No,No,,,,,,,,,,,,
31,Female,United States,No,Yes,Yes,Yes,No,,,,,,,,,,,,
32,male,United Kingdom,No,Yes,Don't know,No,No,,,,,,,,,,,,
28,female,United States,No,Yes,Yes,No,No,,,,,,,,,,,,
28,Androgyne,United Kingdom,No,Yes,No,Not sure,No,,,,,,,,,,,,
23,female,United Kingdom,No,Yes,Don't know,Not sure,No,,,,,,,,,,,,
30,Male,United Kingdom,No,Yes,Don't know,Not sure,Don't know,,,,,,,,,,,,
36,Male,United States,No,Yes,Yes,No,No,,,,,,,,,,,,
21,M,United States,No,Yes,Yes,Yes,Yes,,,,,,,,,,,,
30,male,Germany,No,Yes,No,No,Don't know,,,,,,,,,,,,
25,Woman,United States,No,No,Don't know,Not sure,No,,,,,,,,,,,,
32,Male,New Zealand,No,Yes,No,No,No,,,,,,,,,,,,
29,female,Canada,No,Yes,No,No,No,,,,,,,,,,,,
21,Agender,United Kingdom,No,Yes,No,Yes,Yes,,,,,,,,,,,,
27,Female,New Zealand,No,Yes,No,No,No,,,,,,,,,,,,
32,Female,Canada,No,No,Don't know,Not sure,Don't know,,,,,,,,,,,,
34,M,Australia,No,Yes,Yes,Yes,Yes,,,,,,,,,,,,
33,M,United States,No,Yes,Don't know,No,Don't know,,,,,,,,,,,,
22,Male,Netherlands,No,Yes,No,Not sure,No,,,,,,,,,,,,
24,M,United States,No,Yes,Don't know,Not sure,Don't know,,,,,,,,,,,,
65,Male,United States,Yes,No,No,No,No,,,,,,,,,,,,
27,Male,United States,No,Yes,Don't know,No,No,,,,,,,,,,,,
33,Male,Australia,No,Yes,Don't know,Not sure,Don't know,,,,,,,,,,,,
36,Male,United States,No,Yes,Don't know,Not sure,No,,,,,,,,,,,,
40,Male,Canada,No,Yes,No,No,No,,,,,,,,,,,,
28,male,United States,No,Yes,Yes,Yes,No,,,,,,,,,,,,
39,Male,United States,No,Yes,Yes,Not sure,Yes,,,,,,,,,,,,
32,Male,United States,No,Yes,Yes,No,No,,,,,,,,,,,,
31,male,United States,No,Yes,Yes,Not sure,Don't know,,,,,,,,,,,,
38,Make,United States,No,Yes,Don't know,No,No,,,,,,,,,,,,
23,Male,United States,No,Yes,No,Yes,No,,,,,,,,,,,,
42,Make,United States,No,Yes,Yes,Yes,Yes,,,,,,,,,,,,
27,Female,United States,No,Yes,Don't know,Not sure,Don't know,,,,,,,,,,,,
26,Female,United States,No,Yes,Yes,Yes,No,,,,,,,,,,,,
50,Male,United States,No,Yes,No,Yes,No,,,,,,,,,,,,
37,Male,United States,No,Yes,Don't know,No,No,,,,,,,,,,,,
23,Male,United States,No,Yes,Don't know,No,Don't know,,,,,,,,,,,,
33,M,United States,No,Yes,Don't know,Not sure,No,,,,,,,,,,,,
29,male,Canada,Yes,Yes,Yes,Yes,No,,,,,,,,,,,,
34,Male,United States,No,No,Yes,No,No,,,,,,,,,,,,
41,male,United States,No,Yes,Yes,No,No,,,,,,,,,,,,
50,Male,United States,No,Yes,Don't know,No,No,,,,,,,,,,,,
29,Male,Canada,No,No,Yes,Not sure,Yes,,,,,,,,,,,,
35,Male,United States,No,Yes,No,Yes,No,,,,,,,,,,,,
27,Male,Singapore,No,Yes,No,No,No,,,,,,,,,,,,
40,Female,United States,No,No,Don't know,Not sure,No,,,,,,,,,,,,
27,Male,Australia,No,Yes,No,No,No,,,,,,,,,,,,
29,f,United States,No,Yes,Yes,Yes,Yes,,,,,,,,,,,,
31,Male,United States,No,Yes,No,No,No,,,,,,,,,,,,
43,Male,United States,No,Yes,No,Yes,No,,,,,,,,,,,,
34,Male,United States,No,Yes,Yes,Yes,No,,,,,,,,,,,,
29,Male,United States,No,Yes,Don't know,No,No,,,,,,,,,,,,
19,Male,Canada,No,Yes,No,No,No,,,,,,,,,,,,
41,m,United States,No,Yes,Yes,Not sure,Yes,,,,,,,,,,,,
29,Male,United States,No,Yes,Yes,Yes,Yes,,,,,,,,,,,,
23,Male,United States,No,Yes,Yes,Not sure,Don't know,,,,,,,,,,,,
24,Female,United States,No,Yes,Yes,Not sure,No,,,,,,,,,,,,
31,M,United States,No,Yes,Don't know,No,No,,,,,,,,,,,,
43,Male,United States,No,Yes,Don't know,Not sure,Don't know,,,,,,,,,,,,
31,Male,United States,No,Yes,No,No,No,,,,,,,,,,,,
29,Male,United States,No,Yes,Yes,Yes,Yes,,,,,,,,,,,,
35,Male,United States,Yes,Yes,No,No,Yes,,,,,,,,,,,,
33,Male,United States,No,No,Yes,Not sure,No,,,,,,,,,,,,
30,cis-female/femme,United States,Yes,No,No,Yes,No,,,,,,,,,,,,
27,male,United States,No,Yes,Yes,Not sure,Don't know,,,,,,,,,,,,
32,Male,United States,No,Yes,No,Yes,No,,,,,,,,,,,,
50,Male,United States,No,Yes,Don't know,No,No,,,,,,,,,,,,
24,male,United States,No,No,Don't know,Not sure,No,,,,,,,,,,,,
27,Male,United States,No,Yes,Don't know,No,No,,,,,,,,,,,,
27,Male,Australia,No,Yes,No,No,No,,,,,,,,,,,,
32,Male,United States,No,Yes,No,Yes,No,,,,,,,,,,,,
42,Male,United States,Yes,No,No,Yes,No,,,,,,,,,,,,
37,Male,United States,No,No,Don't know,No,No,,,,,,,,,,,,
30,Male,Singapore,No,Yes,Don't know,Not sure,No,,,,,,,,,,,,
29,Male,United States,No,Yes,Yes,No,No,,,,,,,,,,,,
30,Male,United States,Yes,Yes,No,Not sure,No,,,,,,,,,,,,
35,Male,United States,No,Yes,Yes,No,Yes,,,,,,,,,,,,
35,Male,United States,No,No,Yes,Yes,No,,,,,,,,,,,,
38,male,Netherlands,No,Yes,No,Not sure,No,,,,,,,,,,,,
22,Male,United Kingdom,No,Yes,Yes,Yes,No,,,,,,,,,,,,
24,m,Germany,No,Yes,Don't know,No,No,,,,,,,,,,,,
22,M,Netherlands,Yes,Yes,Don't know,Not sure,No,,,,,,,,,,,,
31,Female,United States,No,Yes,Yes,Yes,No,,,,,,,,,,,,
23,female,United States,No,Yes,Yes,Yes,Yes,,,,,,,,,,,,
31,Female,United States,No,Yes,Don't know,No,No,,,,,,,,,,,,
28,Female,United States,No,Yes,Yes,Yes,Yes,,,,,,,,,,,,
37,Guy (-ish) ^_^,Canada,No,No,Yes,Yes,No,,,,,,,,,,,,
34,male,United States,Yes,Yes,No,Yes,No,,,,,,,,,,,,
32,male leaning androgynous,Canada,No,Yes,No,Yes,No,,,,,,,,,,,,
28,Male,United States,No,Yes,Yes,Not sure,No,,,,,,,,,,,,
24,Female,United Kingdom,No,Yes,No,No,No,,,,,,,,,,,,
56,Male ,United States,No,Yes,Yes,Yes,No,,,,,,,,,,,,
31,Male,Germany,No,Yes,No,No,No,,,,,,,,,,,,
34,female,United States,No,Yes,Yes,Yes,No,,,,,,,,,,,,
35,m,Germany,No,No,Don't know,No,Yes,,,,,,,,,,,,
28,male,Germany,No,Yes,No,No,No,,,,,,,,,,,,
36,male,Poland,Yes,Yes,No,No,No,,,,,,,,,,,,
30,Male,United Kingdom,No,Yes,No,No,No,,,,,,,,,,,,
35,Male,United States,Yes,Yes,Yes,Not sure,No,,,,,,,,,,,,
49,male,Japan,Yes,Yes,No,Yes,Yes,,,,,,,,,,,,
36,Male,Germany,No,Yes,Yes,Yes,No,,,,,,,,,,,,
35,male,Germany,No,Yes,No,No,No,,,,,,,,,,,,
29,Female,Australia,No,No,Yes,Yes,Yes,,,,,,,,,,,,
57,Male,United States,No,Yes,Yes,Yes,No,,,,,,,,,,,,
31,female,Belgium,No,No,Yes,No,No,,,,,,,,,,,,
37,Male,Ireland,Yes,Yes,No,No,No,,,,,,,,,,,,
25,Male,Ireland,No,Yes,No,No,No,,,,,,,,,,,,
30,Male,Australia,No,Yes,No,No,No,,,,,,,,,,,,
26,F,Australia,No,No,No,Yes,Yes,,,,,,,,,,,,
22,Female,Netherlands,No,Yes,No,No,No,,,,,,,,,,,,
39,M,United States,No,No,Don't know,No,Yes,,,,,,,,,,,,
29,Male,United Kingdom,No,Yes,Don't know,Not sure,Don't know,,,,,,,,,,,,
54,male,United Kingdom,Yes,Yes,Don't know,Not sure,No,,,,,,,,,,,,
34,Female,Australia,No,No,Don't know,No,Yes,,,,,,,,,,,,
32,M,United States,No,No,Yes,Not sure,Yes,,,,,,,,,,,,
25,Male,Nigeria,No,Yes,No,No,No,,,,,,,,,,,,
29,male,Poland,No,Yes,No,No,No,,,,,,,,,,,,
32,male,Germany,Yes,Yes,No,No,No,,,,,,,,,,,,
30,M,United Kingdom,No,Yes,Yes,Yes,No,,,,,,,,,,,,
31,male,Germany,No,Yes,Don't know,No,No,,,,,,,,,,,,
20,F,Switzerland,No,Yes,Yes,Yes,Yes,,,,,,,,,,,,
27,Male,United Kingdom,No,Yes,Don't know,No,No,,,,,,,,,,,,
32,Male,United States,No,Yes,Don't know,Not sure,Don't know,,,,,,,,,,,,
26,Male,Ireland,Yes,Yes,No,No,No,,,,,,,,,,,,
30,Male,Italy,No,No,Don't know,No,No,,,,,,,,,,,,
30,Male,Ireland,No,Yes,No,No,Don't know,,,,,,,,,,,,
22,male,India,Yes,Yes,Don't know,No,Don't know,,,,,,,,,,,,
24,male,Ireland,No,Yes,Don't know,Not sure,Don't know,,,,,,,,,,,,
26,m,Netherlands,No,Yes,No,No,No,,,,,,,,,,,,
43,male,France,No,Yes,Don't know,No,No,,,,,,,,,,,,
26,Male,Russia,No,Yes,No,Not sure,No,,,,,,,,,,,,
23,Male,United States,No,Yes,Don't know,Not sure,No,,,,,,,,,,,,
26,Man,Canada,No,Yes,Yes,Not sure,Don't know,,,,,,,,,,,,
26,female,Israel,No,Yes,Don't know,No,Don't know,,,,,,,,,,,,
35,Male,Canada,No,Yes,Don't know,No,No,,,,,,,,,,,,
28,Male,United States,No,No,Don't know,Not sure,No,,,,,,,,,,,,
22,Male,India,No,Yes,No,No,No,,,,,,,,,,,,
29,Female,United States,No,Yes,Don't know,No,No,,,,,,,,,,,,
29,Male,Germany,Yes,Yes,No,Yes,No,,,,,,,,,,,,
45,Male,United States,No,Yes,Yes,Not sure,No,,,,,,,,,,,,
33,male,Bulgaria,No,Yes,No,No,No,,,,,,,,,,,,
38,Male,United States,No,No,Yes,Yes,Yes,,,,,,,,,,,,
19,Trans woman,United States,No,No,Don't know,Not sure,No,,,,,,,,,,,,
29,female,Canada,No,No,Yes,Yes,Yes,,,,,,,,,,,,
21,Female,United Kingdom,No,Yes,No,No,No,,,,,,,,,,,,
23,Female,India,No,Yes,Don't know,Not sure,No,,,,,,,,,,,,
33,female,United States,No,Yes,Yes,Yes,Yes,,,,,,,,,,,,
49,Male,United States,No,Yes,Yes,Not sure,Yes,,,,,,,,,,,,
28,Male,United States,No,Yes,Don't know,No,No,,,,,,,,,,,,
27,f,United Kingdom,No,Yes,Don't know,Not sure,Yes,,,,,,,,,,,,
23,male,Canada,No,Yes,Yes,No,No,,,,,,,,,,,,
29,M,Netherlands,No,Yes,No,No,No,,,,,,,,,,,,
30,m,Germany,No,Yes,Don't know,No,No,,,,,,,,,,,,
28,Female,Canada,No,Yes,Yes,Not sure,Don't know,,,,,,,,,,,,
32,Male,United Kingdom,No,Yes,No,No,No,,,,,,,,,,,,
32,Male,United Kingdom,No,No,Yes,Yes,No,,,,,,,,,,,,
37,Male,France,No,Yes,No,No,No,,,,,,,,,,,,
39,F,United States,No,No,No,Yes,No,,,,,,,,,,,,
31,male,France,No,Yes,Don't know,No,No,,,,,,,,,,,,
29,Male,United States,No,Yes,No,No,No,,,,,,,,,,,,
30,M,United States,No,No,Yes,No,No,,,,,,,,,,,,
33,M,United States,Yes,Yes,No,Yes,Yes,,,,,,,,,,,,
37,male,United States,No,Yes,Yes,Yes,Don't know,,,,,,,,,,,,
23,Male,United States,No,No,Yes,Yes,Yes,,,,,,,,,,,,
43,M,United States,No,No,Yes,Not sure,No,,,,,,,,,,,,
32,Male,United Kingdom,No,Yes,Don't know,No,No,,,,,,,,,,,,
26,Male,United States,No,Yes,Don't know,Not sure,No,,,,,,,,,,,,
32,Male,United States,Yes,Yes,Don't know,Not sure,Don't know,,,,,,,,,,,,
37,F,United States,No,Yes,Don't know,Not sure,No,,,,,,,,,,,,
29,Male,United States,No,Yes,Yes,Yes,No,,,,,,,,,,,,
34,Male,United Kingdom,No,Yes,No,No,No,,,,,,,,,,,,
27,male,France,No,Yes,Don't know,Not sure,Don't know,,,,,,,,,,,,
30,male,United States,No,Yes,Don't know,No,No,,,,,,,,,,,,
29,Male,United States,No,Yes,Yes,Yes,No,,,,,,,,,,,,
32,Male,United States,Yes,Yes,Yes,Yes,Don't know,,,,,,,,,,,,
-1726,male,United Kingdom,No,No,No,No,No,,,,,,,,,,,,
25,Male,Germany,No,Yes,Yes,Yes,Don't know,,,,,,,,,,,,
37,male,United States,Yes,Yes,Yes,Yes,Yes,,,,,,,,,,,,
29,Male,Netherlands,No,Yes,No,No,No,,,,,,,,,,,,
27,Man,United States,No,Yes,Yes,Not sure,No,,,,,,,,,,,,
33,Male,United Kingdom,No,Yes,Don't know,No,No,,,,,,,,,,,,
30,male,Canada,No,No,Don't know,No,No,,,,,,,,,,,,
29,male,Canada,No,Yes,No,Yes,No,,,,,,,,,,,,
25,Male,United States,No,Yes,Don't know,No,Yes,,,,,,,,,,,,
33,Male,United States,No,No,No,Yes,No,,,,,,,,,,,,
31,Male,South Africa,No,Yes,No,No,No,,,,,,,,,,,,
21,male,Germany,No,Yes,Don't know,No,No,,,,,,,,,,,,
30,Male,Switzerland,No,Yes,Don't know,No,No,,,,,,,,,,,,
29,Male,United States,No,No,Don't know,Not sure,Don't know,,,,,,,,,,,,
43,Male,Croatia,Yes,Yes,No,No,No,,,,,,,,,,,,
37,m,United Kingdom,No,Yes,No,No,No,,,,,,,,,,,,
24,Male,France,No,Yes,No,No,Yes,,,,,,,,,,,,
29,Male,United States,No,Yes,Don't know,Not sure,No,,,,,,,,,,,,
31,Male,United States,No,No,Yes,Yes,Yes,,,,,,,,,,,,
5,Male,United States,No,Yes,Don't know,Not sure,No,,,,,,,,,,,,
33,Male,United Kingdom,Yes,No,No,Not sure,No,,,,,,,,,,,,
43,male,United States,No,No,Yes,Yes,Don't know,,,,,,,,,,,,
33,Male,United Kingdom,No,Yes,Don't know,Not sure,No,,,,,,,,,,,,
27,Male,United Kingdom,No,Yes,No,No,No,,,,,,,,,,,,
36,Male,United States,No,No,Don't know,No,Don't know,,,,,,,,,,,,
37,male,Australia,No,Yes,No,Yes,No,,,,,,,,,,,,
32,male,Belgium,No,Yes,No,Yes,No,,,,,,,,,,,,
39,Male,United Kingdom,No,Yes,No,No,No,,,,,,,,,,,,
31,Male,United States,No,Yes,Yes,Yes,No,,,,,,,,,,,,
36,Male,United States,No,Yes,Yes,Yes,No,,,,,,,,,,,,
30,Male,United States,Yes,Yes,Don't know,Not sure,Don't know,,,,,,,,,,,,
28,male,Canada,No,Yes,Yes,Not sure,No,,,,,,,,,,,,
32,Male,Italy,No,Yes,No,No,No,,,,,,,,,,,,
35,Male,United States,No,Yes,Yes,Yes,Yes,,,,,,,,,,,,
19,Male,Canada,No,Yes,Don't know,Not sure,No,,,,,,,,,,,,
33,m,Norway,No,Yes,Yes,Yes,No,,,,,,,,,,,,
42,male,Germany,No,Yes,Don't know,Not sure,Yes,,,,,,,,,,,,
37,Male,United States,No,Yes,Don't know,Not sure,Don't know,,,,,,,,,,,,
40,Male,Thailand,Yes,Yes,No,No,No,,,,,,,,,,,,
36,M,United States,No,Yes,Yes,Yes,Yes,,,,,,,,,,,,
29,Female,United States,No,No,Don't know,No,No,,,,,,,,,,,,
38,f,United States,No,No,Yes,Not sure,No,,,,,,,,,,,,
26,M,United States,No,Yes,Yes,No,Yes,,,,,,,,,,,,
34,male,Germany,No,Yes,No,No,No,,,,,,,,,,,,
21,Male,United States,No,No,No,Yes,No,,,,,,,,,,,,
31,Male,Canada,Yes,Yes,No,Yes,No,,,,,,,,,,,,
37,Female,United States,No,No,Yes,Yes,Yes,,,,,,,,,,,,
37,Male,Ireland,No,Yes,No,No,No,,,,,,,,,,,,
38,Male,Ireland,No,Yes,No,No,No,,,,,,,,,,,,
27,Female,United States,No,Yes,Don't know,Not sure,Yes,,,,,,,,,,,,
39,Male,Netherlands,Yes,Yes,No,No,Yes,,,,,,,,,,,,
33,Female,United States,Yes,Yes,Yes,Yes,Yes,,,,,,,,,,,,
27,Male,United Kingdom,No,Yes,Don't know,Not sure,No,,,,,,,,,,,,
36,F,United States,No,Yes,Yes,No,No,,,,,,,,,,,,
28,Male,United Kingdom,No,Yes,Don't know,Not sure,No,,,,,,,,,,,,
39,male,United Kingdom,No,No,Don't know,No,No,,,,,,,,,,,,
33,Male,United States,Yes,Yes,No,Yes,No,,,,,,,,,,,,
32,Male,United Kingdom,No,No,Don't know,Not sure,No,,,,,,,,,,,,
28,Male,United Kingdom,No,No,Don't know,Not sure,No,,,,,,,,,,,,
37,Male,United Kingdom,No,Yes,No,No,No,,,,,,,,,,,,
39,Male,Canada,No,No,Yes,Yes,Yes,,,,,,,,,,,,
43,msle,United States,No,Yes,Don't know,No,No,,,,,,,,,,,,
32,Neuter,United Kingdom,No,No,Don't know,No,Yes,,,,,,,,,,,,
27,Female,United States,No,Yes,Don't know,Not sure,No,,,,,,,,,,,,
31,Female,United Kingdom,No,Yes,Don't know,No,No,,,,,,,,,,,,
43,Male,United Kingdom,No,Yes,Don't know,No,No,,,,,,,,,,,,
33,Male,United States,No,Yes,No,Yes,No,,,,,,,,,,,,
34,male,United Kingdom,No,Yes,Don't know,Not sure,Don't know,,,,,,,,,,,,
33,M,United States,Yes,Yes,Don't know,No,No,,,,,,,,,,,,
25,Male,United States,No,Yes,Don't know,No,No,,,,,,,,,,,,
25,Male,United States,No,No,Yes,Yes,Yes,,,,,,,,,,,,
32,Male,United Kingdom,Yes,Yes,No,Yes,No,,,,,,,,,,,,
25,Male,United States,No,Yes,Yes,Yes,Don't know,,,,,,,,,,,,
37,Male,Netherlands,No,No,Don't know,No,Don't know,,,,,,,,,,,,
39,m,Switzerland,No,Yes,Yes,Yes,Yes,,,,,,,,,,,,
29,M,United Kingdom,No,Yes,Don't know,Not sure,No,,,,,,,,,,,,
33,Male,United States,No,Yes,Yes,Yes,Don't know,,,,,,,,,,,,
37,female,United States,No,Yes,Don't know,Not sure,No,,,,,,,,,,,,
35,Female,United States,No,No,Yes,No,No,,,,,,,,,,,,
22,Female,United States,No,Yes,Don't know,Not sure,Don't know,,,,,,,,,,,,
38,Male,United States,No,Yes,Yes,Yes,No,,,,,,,,,,,,
32,Female,United States,No,Yes,Yes,No,No,,,,,,,,,,,,
28,Male,Brazil,No,Yes,Don't know,No,No,,,,,,,,,,,,
27,Male,Switzerland,No,Yes,No,No,No,,,,,,,,,,,,
35,female,United States,No,Yes,Don't know,No,Don't know,,,,,,,,,,,,
29,Male,United States,No,No,Yes,Yes,Yes,,,,,,,,,,,,
23,Male,United States,No,Yes,No,Yes,No,,,,,,,,,,,,
39,M,United States,No,Yes,Yes,No,No,,,,,,,,,,,,
30,Female,United States,No,Yes,Yes,Yes,Yes,,,,,,,,,,,,
32,M,United Kingdom,No,Yes,Don't know,Not sure,No,,,,,,,,,,,,
28,Female (trans),United States,No,Yes,No,Yes,No,,,,,,,,,,,,
40,female,United States,No,No,Yes,Yes,Yes,,,,,,,,,,,,
36,f,United States,No,Yes,Don't know,No,No,,,,,,,,,,,,
27,Male,United States,No,Yes,Don't know,Not sure,No,,,,,,,,,,,,
41,Male,United States,No,Yes,Yes,Yes,No,,,,,,,,,,,,
29,Male,United Kingdom,No,Yes,Don't know,No,No,,,,,,,,,,,,
29,m,United Kingdom,No,Yes,No,No,No,,,,,,,,,,,,
35,Male,United States,No,No,No,No,No,,,,,,,,,,,,
28,Male,United States,No,Yes,No,Yes,No,,,,,,,,,,,,
36,F,United Kingdom,Yes,Yes,Don't know,Not sure,Don't know,,,,,,,,,,,,
39,Female,United States,No,Yes,Don't know,Not sure,No,,,,,,,,,,,,
39,Male,United States,No,Yes,Yes,Yes,Yes,,,,,,,,,,,,
44,male,United States,Yes,Yes,No,Yes,No,,,,,,,,,,,,
26,queer,Germany,Yes,Yes,No,Not sure,Yes,,,,,,,,,,,,
35,Male,Denmark,Yes,Yes,No,Yes,Yes,,,,,,,,,,,,
40,Female,United States,No,No,Yes,Not sure,Yes,,,,,,,,,,,,
35,Male,Denmark,Yes,Yes,No,Yes,Yes,,,,,,,,,,,,
38,M,United States,No,Yes,No,Yes,No,,,,,,,,,,,,
34,Male,United States,No,Yes,Don't know,Not sure,Don't know,,,,,,,,,,,,
43,M,United States,No,Yes,Yes,No,Yes,,,,,,,,,,,,
48,Female (cis),United States,No,Yes,Don't know,No,No,,,,,,,,,,,,
20,Male,United States,No,Yes,Don't know,Not sure,Don't know,,,,,,,,,,,,
40,M,United States,Yes,Yes,Don't know,Not sure,No,,,,,,,,,,,,
29,female,United Kingdom,No,Yes,Don't know,No,No,,,,,,,,,,,,
35,Male,United States,No,No,No,Yes,No,,,,,,,,,,,,
29,Male,United States,No,No,Yes,Yes,No,,,,,,,,,,,,
40,M,United States,No,Yes,Yes,Not sure,No,,,,,,,,,,,,
29,Male,Sweden,No,Yes,No,Yes,No,,,,,,,,,,,,
29,F,United States,No,Yes,Yes,Not sure,Don't know,,,,,,,,,,,,
34,male,United States,No,Yes,No,No,No,,,,,,,,,,,,
44,Male,United Kingdom,No,No,Don't know,No,No,,,,,,,,,,,,
24,female,United States,No,Yes,Yes,Yes,No,,,,,,,,,,,,
47,F,United States,No,Yes,Don't know,No,No,,,,,,,,,,,,
43,m,United Kingdom,No,No,Don't know,No,No,,,,,,,,,,,,
36,M,United States,No,Yes,Yes,Yes,Yes,,,,,,,,,,,,
43,male,United States,No,No,Don't know,No,No,,,,,,,,,,,,
36,male,United Kingdom,Yes,Yes,No,No,No,,,,,,,,,,,,
31,Female,United States,No,Yes,Yes,Yes,No,,,,,,,,,,,,
35,Male,United States,No,Yes,Don't know,Not sure,Yes,,,,,,,,,,,,
33,male,United States,No,No,Yes,No,No,,,,,,,,,,,,
37,Male,Italy,No,Yes,Don't know,Not sure,Don't know,,,,,,,,,,,,
34,M,United States,No,Yes,Don't know,No,Yes,,,,,,,,,,,,
36,Male,Netherlands,Yes,Yes,No,No,No,,,,,,,,,,,,
40,m,United States,Yes,Yes,No,Yes,No,,,,,,,,,,,,
40,M,United States,No,Yes,Yes,Yes,Yes,,,,,,,,,,,,
42,Male,United States,No,Yes,No,Yes,No,,,,,,,,,,,,
23,M,United States,No,Yes,Yes,Yes,No,,,,,,,,,,,,
21,Male,United Kingdom,No,No,No,No,No,,,,,,,,,,,,
26,Male,Canada,No,Yes,No,No,No,,,,,,,,,,,,
31,Male,United States,No,Yes,Don't know,Not sure,No,,,,,,,,,,,,
25,M,United States,No,Yes,Yes,Yes,Yes,,,,,,,,,,,,
51,Male,United States,No,Yes,Yes,Yes,Yes,,,,,,,,,,,,
24,Male,United States,No,Yes,Don't know,Not sure,Don't know,,,,,,,,,,,,
33,Male,United States,No,Yes,No,No,No,,,,,,,,,,,,
32,male,United Kingdom,No,No,No,No,No,,,,,,,,,,,,
32,male,United Kingdom,No,No,No,No,No,,,,,,,,,,,,
26,Male,United Kingdom,Yes,Yes,No,Not sure,Don't know,,,,,,,,,,,,
23,M,United States,No,No,Don't know,No,Don't know,,,,,,,,,,,,
33,Male,United States,No,Yes,No,Yes,No,,,,,,,,,,,,
46,Male,United States,No,No,Yes,Yes,Yes,,,,,,,,,,,,
34,male,United Kingdom,No,Yes,No,No,No,,,,,,,,,,,,
35,M,United States,No,Yes,Yes,Yes,No,,,,,,,,,,,,
39,M,United States,No,Yes,No,Yes,No,,,,,,,,,,,,
32,male,Germany,Yes,Yes,No,Yes,No,,,,,,,,,,,,
43,Male,Mexico,Yes,Yes,Don't know,No,No,,,,,,,,,,,,
56,m,United States,No,Yes,Yes,Yes,Don't know,,,,,,,,,,,,
32,Female,United Kingdom,No,Yes,Don't know,No,No,,,,,,,,,,,,
41,male,United Kingdom,No,No,Yes,Yes,Yes,,,,,,,,,,,,
39,Male,United States,No,Yes,Don't know,Not sure,Don't know,,,,,,,,,,,,
37,Male,United States,No,No,Yes,Yes,No,,,,,,,,,,,,
30,m,United States,Yes,Yes,Don't know,Not sure,No,,,,,,,,,,,,
31,Male,United States,No,Yes,Yes,No,Yes,,,,,,,,,,,,
29,M,United States,No,No,Don't know,Not sure,No,,,,,,,,,,,,
23,Female,United Kingdom,No,No,No,No,No,,,,,,,,,,,,
31,male,United States,No,Yes,Yes,Yes,No,,,,,,,,,,,,
29,Male,United States,No,Yes,Don't know,Not sure,Don't know,,,,,,,,,,,,
30,Mail,United States,No,Yes,Yes,Yes,Don't know,,,,,,,,,,,,
37,Male,United States,No,Yes,Yes,No,Yes,,,,,,,,,,,,
36,male,United States,Yes,Yes,Yes,No,No,,,,,,,,,,,,
35,Male,United States,No,Yes,Yes,Yes,No,,,,,,,,,,,,
41,M,United States,No,No,Don't know,No,No,,,,,,,,,,,,
31,Male,United Kingdom,No,Yes,Don't know,Not sure,No,,,,,,,,,,,,
38,m,United Kingdom,No,No,Yes,Yes,Yes,,,,,,,,,,,,
26,Male,India,Yes,Yes,No,No,No,,,,,,,,,,,,
39,Male,United States,No,Yes,Yes,No,Yes,,,,,,,,,,,,
42,male,United States,Yes,No,Yes,Not sure,Don't know,,,,,,,,,,,,
32,Male,United States,Yes,Yes,No,Yes,No,,,,,,,,,,,,
29,m,United States,No,Yes,Don't know,Not sure,Don't know,,,,,,,,,,,,
30,Male,United States,No,Yes,Yes,No,Don't know,,,,,,,,,,,,
40,M,United States,No,Yes,Don't know,Not sure,No,,,,,,,,,,,,
51,m,United States,No,No,Don't know,Not sure,No,,,,,,,,,,,,
33,Male,United States,No,Yes,Yes,Yes,Yes,,,,,,,,,,,,
34,male,Germany,Yes,Yes,No,Not sure,No,,,,,,,,,,,,
50,Male,United States,Yes,Yes,No,Yes,No,,,,,,,,,,,,
24,Male,United States,No,Yes,Don't know,No,No,,,,,,,,,,,,
25,Male,United States,No,No,No,No,No,,,,,,,,,,,,
43,Male,United Kingdom,No,Yes,No,No,No,,,,,,,,,,,,
25,f,United States,Yes,Yes,Yes,Yes,Yes,,,,,,,,,,,,
24,Male,United Kingdom,Yes,Yes,No,Yes,No,,,,,,,,,,,,
51,m,United States,Yes,Yes,No,Yes,No,,,,,,,,,,,,
49,Male,United States,No,Yes,Yes,Yes,No,,,,,,,,,,,,
30,Male,United States,No,Yes,Yes,No,Yes,,,,,,,,,,,,
25,female,United States,No,Yes,Yes,Yes,Yes,,,,,,,,,,,,
36,Male,United States,No,Yes,Yes,Yes,Don't know,,,,,,,,,,,,
48,Male,United States,No,Yes,Yes,Yes,Yes,,,,,,,,,,,,
48,male,Australia,No,Yes,No,No,No,,,,,,,,,,,,
53,Male,United States,No,Yes,Yes,Yes,No,,,,,,,,,,,,
24,Female,United Kingdom,No,Yes,No,No,No,,,,,,,,,,,,
33,Male,United States,No,Yes,Don't know,Yes,No,,,,,,,,,,,,
25,Female,Canada,No,Yes,Yes,Yes,No,,,,,,,,,,,,
30,Male,United Kingdom,No,Yes,No,No,No,,,,,,,,,,,,
30,Male,United States,Yes,Yes,No,Yes,No,,,,,,,,,,,,
34,male,United Kingdom,Yes,Yes,No,No,No,,,,,,,,,,,,
31,Male,United States,No,Yes,Yes,Yes,Yes,,,,,,,,,,,,
22,F,United States,No,Yes,Don't know,Not sure,No,,,,,,,,,,,,
28,Male,United States,No,Yes,Don't know,Not sure,No,,,,,,,,,,,,
35,Male,United States,No,No,Yes,Yes,No,,,,,,,,,,,,
28,Male,United States,No,No,Yes,No,No,,,,,,,,,,,,
42,male,New Zealand,No,No,No,Yes,Don't know,,,,,,,,,,,,
33,Male,United States,No,Yes,Yes,No,Don't know,,,,,,,,,,,,
29,male,United States,No,Yes,Yes,No,Yes,,,,,,,,,,,,
43,M,United States,No,No,Yes,Not sure,No,,,,,,,,,,,,
29,Male,United States,No,Yes,Yes,Yes,Yes,,,,,,,,,,,,
25,Male,United States,No,Yes,Yes,No,No,,,,,,,,,,,,
31,Male,United States,No,Yes,Don't know,No,Don't know,,,,,,,,,,,,
35,Female,United States,No,No,Yes,Not sure,Yes,,,,,,,,,,,,
34,male,United States,No,Yes,Don't know,No,No,,,,,,,,,,,,
43,Cis Male,United States,No,Yes,Yes,Yes,No,,,,,,,,,,,,
38,Male,United States,No,Yes,No,Not sure,No,,,,,,,,,,,,
26,Male,United States,No,Yes,Don't know,Not sure,No,,,,,,,,,,,,
38,Male,United Kingdom,Yes,No,No,No,No,,,,,,,,,,,,
42,Male,United States,No,Yes,Don't know,No,No,,,,,,,,,,,,
33,Male,Netherlands,No,Yes,Don't know,No,No,,,,,,,,,,,,
32,Male,United States,No,Yes,Yes,Yes,Yes,,,,,,,,,,,,
44,male,United States,No,Yes,Yes,Yes,Yes,,,,,,,,,,,,
28,Male,United States,No,Yes,Yes,Yes,Don't know,,,,,,,,,,,,
40,Male,United States,No,Yes,Yes,Yes,Yes,,,,,,,,,,,,
31,F,United States,No,Yes,Yes,Yes,No,,,,,,,,,,,,
32,male,United States,No,Yes,Yes,Yes,Yes,,,,,,,,,,,,
28,Male,United States,No,Yes,Don't know,No,Don't know,,,,,,,,,,,,
39,Male,United States,No,Yes,Yes,Yes,No,,,,,,,,,,,,
45,Male,United States,No,No,Yes,Yes,Yes,,,,,,,,,,,,
43,Male,United States,No,Yes,Yes,Yes,Yes,,,,,,,,,,,,
35,Male,United States,No,Yes,Yes,Yes,Don't know,,,,,,,,,,,,
40,Male,United States,No,Yes,Yes,Yes,Don't know,,,,,,,,,,,,
34,Male,Netherlands,No,Yes,No,Yes,No,,,,,,,,,,,,
24,Male,United Kingdom,No,No,Don't know,Yes,No,,,,,,,,,,,,
61,male,South Africa,Yes,Yes,No,No,No,,,,,,,,,,,,
36,Female ,United States,No,Yes,Don't know,No,No,,,,,,,,,,,,
38,Male,United States,No,Yes,No,No,No,,,,,,,,,,,,
33,male,Germany,No,Yes,Don't know,Not sure,Yes,,,,,,,,,,,,
30,male,United States,No,No,Don't know,No,No,,,,,,,,,,,,
34,male,Netherlands,Yes,Yes,Yes,Yes,Yes,,,,,,,,,,,,
26,Male,United States,No,Yes,Yes,Not sure,Don't know,,,,,,,,,,,,
33,M,United Kingdom,No,Yes,Don't know,Not sure,Don't know,,,,,,,,,,,,
32,Male,United Kingdom,No,Yes,Don't know,No,No,,,,,,,,,,,,
25,male,Germany,Yes,Yes,No,Yes,No,,,,,,,,,,,,
35,male,Germany,Yes,No,Don't know,No,No,,,,,,,,,,,,
24,M,United Kingdom,Yes,Yes,Don't know,Not sure,No,,,,,,,,,,,,
55,male,United Kingdom,No,No,Yes,Yes,Yes,,,,,,,,,,,,
33,Male,United Kingdom,Yes,Yes,No,Yes,No,,,,,,,,,,,,
26,Female,United Kingdom,Yes,Yes,No,No,No,,,,,,,,,,,,
25,Male,United Kingdom,No,Yes,Don't know,Not sure,Don't know,,,,,,,,,,,,
45,Male,United Kingdom,No,No,Don't know,No,No,,,,,,,,,,,,
33,female,United Kingdom,Yes,Yes,No,Yes,Yes,,,,,,,,,,,,
43,Male,United States,No,Yes,No,Not sure,No,,,,,,,,,,,,
30,Male,United Kingdom,Yes,Yes,No,Yes,No,,,,,,,,,,,,
40,Male,United States,No,Yes,Don't know,Not sure,No,,,,,,,,,,,,
49,Male,United States,No,Yes,Yes,Yes,Yes,,,,,,,,,,,,
29,Male,Germany,No,Yes,Don't know,Not sure,No,,,,,,,,,,,,
26,male,Germany,No,Yes,Don't know,No,Don't know,,,,,,,,,,,,
38,cis male,United States,No,Yes,Yes,Yes,Yes,,,,,,,,,,,,
27,Male,France,No,No,Yes,Yes,Don't know,,,,,,,,,,,,
26,male,Belgium,No,Yes,Yes,No,No,,,,,,,,,,,,
28,Male,United Kingdom,No,Yes,No,No,No,,,,,,,,,,,,
40,Male,United States,No,Yes,No,No,No,,,,,,,,,,,,
37,Female,Canada,Yes,Yes,No,Yes,No,,,,,,,,,,,,
34,female,United Kingdom,No,No,Yes,Yes,No,,,,,,,,,,,,
28,male,United States,No,Yes,Don't know,Not sure,No,,,,,,,,,,,,
27,Male,Canada,No,Yes,Yes,Not sure,Yes,,,,,,,,,,,,
29,Male,United Kingdom,No,Yes,No,No,No,,,,,,,,,,,,
39,Female,United Kingdom,No,Yes,Don't know,Not sure,No,,,,,,,,,,,,
28,male,United Kingdom,No,Yes,No,No,No,,,,,,,,,,,,
23,Male,United States,No,Yes,Yes,Not sure,Yes,,,,,,,,,,,,
8,A little about you,"Bahamas, The",Yes,Yes,Yes,Yes,Yes,,,,,,,,,,,,
38,Male,United Kingdom,No,Yes,No,No,No,,,,,,,,,,,,
19,Male,United Kingdom,No,Yes,Yes,No,No,,,,,,,,,,,,
30,Female,United States,No,Yes,Yes,Yes,Yes,,,,,,,,,,,,
28,male,United Kingdom,Yes,Yes,No,Yes,No,,,,,,,,,,,,
20,Male,India,No,Yes,Don't know,No,No,,,,,,,,,,,,
35,Male,United Kingdom,Yes,Yes,Don't know,Not sure,No,,,,,,,,,,,,
39,male,United States,No,Yes,Yes,Yes,No,,,,,,,,,,,,
31,Female,United States,No,No,Yes,Not sure,No,,,,,,,,,,,,
32,Male,United Kingdom,No,Yes,No,No,No,,,,,,,,,,,,
27,Male,Sweden,No,Yes,No,No,No,,,,,,,,,,,,
25,Male,United States,No,Yes,Yes,Yes,No,,,,,,,,,,,,
42,male,United States,No,Yes,Don't know,No,No,,,,,,,,,,,,
34,male,United States,No,Yes,Yes,Yes,No,,,,,,,,,,,,
26,female,United States,No,Yes,Don't know,No,No,,,,,,,,,,,,
35,Male,United Kingdom,No,Yes,No,Yes,No,,,,,,,,,,,,
34,Male,United Kingdom,No,Yes,Don't know,No,No,,,,,,,,,,,,
38,m,United States,No,No,Yes,Yes,No,,,,,,,,,,,,
34,M,United States,No,Yes,Don't know,No,No,,,,,,,,,,,,
39,M,United States,No,Yes,No,Yes,No,,,,,,,,,,,,
44,F,United States,No,Yes,Don't know,Not sure,No,,,,,,,,,,,,
40,male,United States,No,No,Yes,Yes,Yes,,,,,,,,,,,,
33,female,United States,Yes,Yes,No,Yes,Don't know,,,,,,,,,,,,
24,Female,United States,No,No,Yes,Yes,No,,,,,,,,,,,,
38,Female,United States,No,Yes,Don't know,Not sure,Don't know,,,,,,,,,,,,
31,male,United States,No,Yes,Yes,Not sure,Yes,,,,,,,,,,,,
23,Male,Israel,No,Yes,Don't know,Not sure,No,,,,,,,,,,,,
26,F,United States,No,Yes,Don't know,Not sure,No,,,,,,,,,,,,
46,Female (trans),United States,No,No,Yes,Yes,Yes,,,,,,,,,,,,
30,Male,United States,No,Yes,Yes,No,No,,,,,,,,,,,,
25,Male,United States,No,Yes,Don't know,No,No,,,,,,,,,,,,
19,M,Canada,No,Yes,Don't know,No,No,,,,,,,,,,,,
30,Female,United States,No,No,Yes,Yes,Yes,,,,,,,,,,,,
32,m,United States,No,Yes,Yes,Yes,Yes,,,,,,,,,,,,
32,Male,United Kingdom,No,Yes,No,No,No,,,,,,,,,,,,
37,Male,United States,No,Yes,Don't know,No,No,,,,,,,,,,,,
42,M,United States,No,Yes,Don't know,No,No,,,,,,,,,,,,
25,female,United States,No,Yes,Yes,Yes,Yes,,,,,,,,,,,,
19,Male,United States,No,Yes,Don't know,Not sure,No,,,,,,,,,,,,
40,female,United States,No,Yes,Yes,Yes,Yes,,,,,,,,,,,,
34,Male,United States,No,No,Yes,Not sure,Yes,,,,,,,,,,,,
26,Male,United States,No,Yes,Don't know,Not sure,No,,,,,,,,,,,,
31,Male,United States,No,Yes,Don't know,Not sure,Don't know,,,,,,,,,,,,
40,Male,United States,No,No,Yes,Not sure,Yes,,,,,,,,,,,,
31,Female,United States,No,Yes,No,No,No,,,,,,,,,,,,
36,M,United States,No,No,Don't know,No,No,,,,,,,,,,,,
35,Male,Canada,No,Yes,No,Yes,No,,,,,,,,,,,,
26,male,Australia,No,Yes,No,No,No,,,,,,,,,,,,
44,m,United States,No,No,Don't know,No,Don't know,,,,,,,,,,,,
34,Female,United States,No,Yes,No,Not sure,No,,,,,,,,,,,,
35,Male,United States,No,Yes,No,No,No,,,,,,,,,,,,
28,female,United States,No,Yes,Don't know,No,No,,,,,,,,,,,,
33,Male,United States,No,Yes,Yes,No,Don't know,,,,,,,,,,,,
40,M,United States,No,Yes,Yes,Yes,No,,,,,,,,,,,,
26,Male,United States,No,Yes,Yes,Yes,No,,,,,,,,,,,,
29,f,United Kingdom,No,No,Yes,Yes,No,,,,,,,,,,,,
26,Female,Canada,No,Yes,Yes,Not sure,No,,,,,,,,,,,,
33,Malr,Italy,No,Yes,No,Not sure,No,,,,,,,,,,,,
28,Male,Brazil,No,Yes,No,No,No,,,,,,,,,,,,
41,Male,United States,Yes,No,No,Yes,Yes,,,,,,,,,,,,
39,Male,United Kingdom,Yes,Yes,No,Yes,Yes,,,,,,,,,,,,
26,female,United States,No,Yes,Yes,Yes,No,,,,,,,,,,,,
23,Female,United States,No,No,No,No,No,,,,,,,,,,,,
35,Male,Switzerland,No,Yes,Don't know,Not sure,No,,,,,,,,,,,,
36,Male,United States,No,Yes,Don't know,Not sure,Don't know,,,,,,,,,,,,
42,M,United States,No,No,Don't know,No,No,,,,,,,,,,,,
39,Male,United States,No,Yes,Yes,Yes,No,,,,,,,,,,,,
27,Male,United States,No,Yes,Don't know,No,No,,,,,,,,,,,,
33,male,United States,Yes,Yes,Don't know,No,No,,,,,,,,,,,,
31,Male ,Canada,No,Yes,Yes,Not sure,Don't know,,,,,,,,,,,,
28,Female,United States,No,Yes,Yes,Yes,Don't know,,,,,,,,,,,,
29,Female,United States,No,No,Yes,No,No,,,,,,,,,,,,
27,Male,United States,No,Yes,Don't know,Not sure,No,,,,,,,,,,,,
44,M,United States,Yes,Yes,Don't know,No,No,,,,,,,,,,,,
25,Male,United States,No,Yes,Don't know,No,No,,,,,,,,,,,,
24,male,Germany,No,Yes,No,No,No,,,,,,,,,,,,
25,Male,South Africa,No,No,Don't know,No,No,,,,,,,,,,,,
34,M,United States,No,Yes,Yes,Not sure,Don't know,,,,,,,,,,,,
26,Male,United States,No,No,Yes,Yes,No,,,,,,,,,,,,
48,Male,United States,No,No,Yes,Yes,Yes,,,,,,,,,,,,
34,Male,Greece,No,Yes,No,No,No,,,,,,,,,,,,
39,Female,United States,No,Yes,No,No,No,,,,,,,,,,,,
43,Male,United States,No,Yes,Yes,Not sure,No,,,,,,,,,,,,
41,M,United States,No,Yes,Yes,Yes,Yes,,,,,,,,,,,,
25,Male,United States,No,No,Don't know,No,No,,,,,,,,,,,,
31,m,United States,No,Yes,Yes,Yes,No,,,,,,,,,,,,
40,Male,United States,No,Yes,Yes,Yes,Yes,,,,,,,,,,,,
43,Male,United States,Yes,Yes,Yes,Not sure,No,,,,,,,,,,,,
27,Female,United States,No,Yes,Yes,Yes,Yes,,,,,,,,,,,,
37,female,United States,No,Yes,Yes,Yes,No,,,,,,,,,,,,
32,male,Netherlands,Yes,Yes,No,No,No,,,,,,,,,,,,
25,Male,United States,No,Yes,No,Yes,No,,,,,,,,,,,,
29,Male,Netherlands,No,Yes,Don't know,Not sure,Don't know,,,,,,,,,,,,
30,Female,United States,No,No,Yes,No,No,,,,,,,,,,,,
34,female,Canada,No,No,Don't know,No,Yes,,,,,,,,,,,,
32,male,United Kingdom,No,No,Yes,Yes,Yes,,,,,,,,,,,,
37,male,Germany,No,Yes,Don't know,No,No,,,,,,,,,,,,
41,male,Germany,No,Yes,Don't know,No,No,,,,,,,,,,,,
38,male,United States,No,No,Yes,Not sure,Yes,,,,,,,,,,,,
32,Male,United States,No,Yes,Yes,Yes,Yes,,,,,,,,,,,,
28,Female,United States,No,Yes,Yes,Yes,Don't know,,,,,,,,,,,,
11,male,United States,Yes,Yes,No,Yes,No,,,,,,,,,,,,
43,male,United States,No,No,Yes,Yes,No,,,,,,,,,,,,
32,Male,United States,No,Yes,No,Yes,No,,,,,,,,,,,,
25,M,United States,No,Yes,Yes,Yes,Yes,,,,,,,,,,,,
37,Male,United States,No,Yes,Yes,No,No,,,,,,,,,,,,
36,male,United States,Yes,No,No,Yes,No,,,,,,,,,,,,
24,Male,United States,No,Yes,Don't know,No,No,,,,,,,,,,,,
40,male,United States,No,Yes,Yes,Not sure,Yes,,,,,,,,,,,,
29,Male,United States,No,No,Don't know,Not sure,Yes,,,,,,,,,,,,
43,Male,United States,No,Yes,Don't know,No,No,,,,,,,,,,,,
29,Male,United States,No,Yes,Yes,Not sure,No,,,,,,,,,,,,
26,Male,United States,No,Yes,Don't know,Not sure,No,,,,,,,,,,,,
33,Female,Canada,Yes,Yes,No,Yes,No,,,,,,,,,,,,
35,Female,United States,No,Yes,Don't know,No,No,,,,,,,,,,,,
45,M,United States,No,Yes,Yes,No,No,,,,,,,,,,,,
25,Male,United States,No,Yes,No,Yes,No,,,,,,,,,,,,
50,male,France,Yes,Yes,No,No,No,,,,,,,,,,,,
26,male,Australia,No,Yes,No,No,Don't know,,,,,,,,,,,,
33,female,United States,No,Yes,Yes,Yes,Don't know,,,,,,,,,,,,
30,Male,India,No,Yes,No,No,No,,,,,,,,,,,,
33,male,Croatia,No,Yes,Yes,Yes,No,,,,,,,,,,,,
29,M,France,No,Yes,Yes,No,No,,,,,,,,,,,,
37,male,Germany,No,Yes,No,Not sure,No,,,,,,,,,,,,
25,Male,United States,No,Yes,Don't know,No,Don't know,,,,,,,,,,,,
40,m,United States,No,No,Yes,Not sure,Don't know,,,,,,,,,,,,
24,Male,Canada,No,Yes,Yes,Yes,No,,,,,,,,,,,,
40,Male,United Kingdom,No,Yes,Don't know,Not sure,No,,,,,,,,,,,,
46,Male,United States,No,Yes,Don't know,Yes,No,,,,,,,,,,,,
38,Male,United States,No,No,Yes,Yes,Yes,,,,,,,,,,,,
34,Male,United States,No,Yes,No,Yes,No,,,,,,,,,,,,
32,Male,United Kingdom,Yes,Yes,No,Yes,Yes,,,,,,,,,,,,
44,Male,United Kingdom,No,No,No,No,No,,,,,,,,,,,,
33,Female,United Kingdom,No,Yes,Don't know,Not sure,No,,,,,,,,,,,,
45,female,United States,No,No,Don't know,No,Don't know,,,,,,,,,,,,
35,Male,United States,No,Yes,Don't know,Not sure,Don't know,,,,,,,,,,,,
26,Male,Germany,Yes,Yes,No,No,No,,,,,,,,,,,,
20,female,United States,No,Yes,Don't know,Not sure,Don't know,,,,,,,,,,,,
-1,p,United States,Yes,Yes,Yes,Yes,Yes,,,,,,,,,,,,
37,Male,Netherlands,No,Yes,No,No,No,,,,,,,,,,,,
28,male,United States,No,No,Yes,No,No,,,,,,,,,,,,
42,F,United States,No,No,Yes,Yes,No,,,,,,,,,,,,
32,male,United Kingdom,No,Yes,No,No,No,,,,,,,,,,,,
36,F,United States,No,Yes,Yes,Yes,No,,,,,,,,,,,,
27,M,New Zealand,No,Yes,No,Yes,No,,,,,,,,,,,,
27,M,New Zealand,No,Yes,No,Yes,No,,,,,,,,,,,,
27,Male,United Kingdom,No,No,No,No,No,,,,,,,,,,,,
25,Male,United Kingdom,No,Yes,No,No,No,,,,,,,,,,,,
41,M,United Kingdom,No,Yes,No,No,No,,,,,,,,,,,,
23,Male,Germany,No,Yes,Don't know,Not sure,No,,,,,,,,,,,,
21,Male,United Kingdom,No,No,Don't know,No,No,,,,,,,,,,,,
26,Male,Moldova,No,Yes,No,Yes,No,,,,,,,,,,,,
29,Male,Sweden,No,Yes,Don't know,Not sure,Don't know,,,,,,,,,,,,
28,male,Belgium,No,No,No,No,No,,,,,,,,,,,,
27,female,United Kingdom,No,No,No,Yes,No,,,,,,,,,,,,
23,Male,Israel,No,No,No,Yes,Yes,,,,,,,,,,,,
26,F,United States,No,Yes,Don't know,No,No,,,,,,,,,,,,
38,Male,United Kingdom,No,Yes,No,Not sure,Don't know,,,,,,,,,,,,
39,M,United Kingdom,No,No,No,No,No,,,,,,,,,,,,
35,M,United States,No,No,Yes,Yes,No,,,,,,,,,,,,
32,male,United States,No,Yes,Yes,Not sure,No,,,,,,,,,,,,
32,Male,United States,No,Yes,Yes,Yes,Yes,,,,,,,,,,,,
26,Male,United Kingdom,No,Yes,No,No,No,,,,,,,,,,,,
38,Male,Canada,No,Yes,Don't know,Not sure,No,,,,,,,,,,,,
34,Female,United Kingdom,No,No,Yes,Yes,Yes,,,,,,,,,,,,
39,Male,United States,No,No,Don't know,Not sure,No,,,,,,,,,,,,
32,male,Canada,Yes,Yes,Don't know,Not sure,No,,,,,,,,,,,,
37,Male,Netherlands,Yes,Yes,Don't know,Not sure,Don't know,,,,,,,,,,,,
31,male,United Kingdom,No,Yes,Don't know,Not sure,No,,,,,,,,,,,,
30,m,United States,No,Yes,No,Yes,No,,,,,,,,,,,,
51,M,Singapore,No,Yes,Don't know,No,No,,,,,,,,,,,,
29,M,United States,No,Yes,Yes,Yes,No,,,,,,,,,,,,
31,Male,United Kingdom,No,Yes,Yes,No,No,,,,,,,,,,,,
31,Male,India,No,Yes,Don't know,Not sure,No,,,,,,,,,,,,
26,Male,United States,No,Yes,Don't know,No,No,,,,,,,,,,,,
46,Female,United States,No,No,Yes,Yes,No,,,,,,,,,,,,
32,Male,United States,No,Yes,Yes,No,Yes,,,,,,,,,,,,
29,Male,United States,No,No,Yes,Yes,Yes,,,,,,,,,,,,
34,male,Poland,No,Yes,Don't know,Not sure,No,,,,,,,,,,,,
26,Male,Colombia,No,Yes,No,No,No,,,,,,,,,,,,
32,Female,United States,No,Yes,Yes,Yes,No,,,,,,,,,,,,
29,Male,United States,No,Yes,Don't know,Not sure,No,,,,,,,,,,,,
30,Male,United States,No,No,Yes,No,Yes,,,,,,,,,,,,
40,F,United States,No,Yes,Yes,Yes,No,,,,,,,,,,,,
23,Male,United Kingdom,No,Yes,No,No,No,,,,,,,,,,,,
20,Male,Georgia,No,No,No,No,No,,,,,,,,,,,,
38,male,United States,No,Yes,Don't know,No,No,,,,,,,,,,,,
26,Female,United States,No,Yes,Yes,No,No,,,,,,,,,,,,
29,Male,United States,No,Yes,No,No,No,,,,,,,,,,,,
40,m,China,Yes,Yes,No,Yes,No,,,,,,,,,,,,
25,female,Bulgaria,No,Yes,No,No,No,,,,,,,,,,,,
32,Woman,United States,No,Yes,Yes,Yes,No,,,,,,,,,,,,
38,male,United States,No,No,Yes,Yes,Yes,,,,,,,,,,,,
72,Female,United States,No,No,Yes,Not sure,Don't know,,,,,,,,,,,,
35,female,United States,No,Yes,No,No,No,,,,,,,,,,,,
28,F,United States,No,Yes,No,Yes,No,,,,,,,,,,,,
27,femail,United States,No,No,Don't know,Not sure,Don't know,,,,,,,,,,,,
56,female,United States,Yes,Yes,Don't know,Not sure,Don't know,,,,,,,,,,,,
38,Male,United States,No,Yes,Yes,No,No,,,,,,,,,,,,
31,Female,Belgium,No,Yes,Don't know,Not sure,No,,,,,,,,,,,,
40,Male,United States,No,Yes,Yes,Yes,No,,,,,,,,,,,,
44,M,United States,No,Yes,Yes,Yes,No,,,,,,,,,,,,
34,Male,Canada,No,Yes,Yes,Not sure,Yes,,,,,,,,,,,,
37,Male,United Kingdom,No,Yes,Don't know,No,No,,,,,,,,,,,,
38,male,Italy,No,Yes,Don't know,Not sure,Don't know,,,,,,,,,,,,
27,male,Germany,No,Yes,Don't know,Not sure,No,,,,,,,,,,,,
34,female,Ireland,No,No,Yes,Yes,Yes,,,,,,,,,,,,
35,Female,Ireland,No,Yes,Don't know,No,No,,,,,,,,,,,,
34,male,Ireland,No,Yes,No,No,No,,,,,,,,,,,,
32,Male,United States,No,Yes,Yes,Not sure,No,,,,,,,,,,,,
25,male,Ireland,No,Yes,Don't know,Not sure,No,,,,,,,,,,,,
28,Male,Australia,No,Yes,No,Yes,No,,,,,,,,,,,,
28,Female,United States,No,Yes,Yes,No,No,,,,,,,,,,,,
31,Male,Brazil,Yes,Yes,No,Yes,No,,,,,,,,,,,,
24,Male,United Kingdom,No,Yes,Don't know,Not sure,No,,,,,,,,,,,,
34,Male,Ireland,No,Yes,No,No,No,,,,,,,,,,,,
32,male,Ireland,No,Yes,No,No,No,,,,,,,,,,,,
34,Male,United Kingdom,No,No,Don't know,Not sure,No,,,,,,,,,,,,
23,Male,United States,No,Yes,No,Yes,No,,,,,,,,,,,,
33,Male,Czech Republic,No,Yes,No,Yes,No,,,,,,,,,,,,
29,male,Singapore,No,Yes,Don't know,Not sure,No,,,,,,,,,,,,
24,male,Ireland,No,Yes,No,No,No,,,,,,,,,,,,
45,male,Ireland,No,Yes,Don't know,Not sure,No,,,,,,,,,,,,
34,Female,United Kingdom,No,No,No,Yes,No,,,,,,,,,,,,
31,Male,Philippines,No,Yes,Don't know,No,No,,,,,,,,,,,,
33,Male,United States,No,Yes,Yes,Yes,No,,,,,,,,,,,,
28,male,Netherlands,No,Yes,No,Not sure,No,,,,,,,,,,,,
27,Male,United Kingdom,No,No,Don't know,Not sure,No,,,,,,,,,,,,
42,male,Ireland,No,Yes,No,Yes,No,,,,,,,,,,,,
28,male,Netherlands,No,Yes,No,Not sure,No,,,,,,,,,,,,
38,Male,United States,No,Yes,Yes,No,Yes,,,,,,,,,,,,
46,Male,United States,No,Yes,Don't know,No,No,,,,,,,,,,,,
46,male,United States,No,Yes,Don't know,Not sure,Don't know,,,,,,,,,,,,
41,female,Netherlands,Yes,Yes,Don't know,Yes,Don't know,,,,,,,,,,,,
23,Male ,United Kingdom,No,Yes,Don't know,No,No,,,,,,,,,,,,
24,male,Ireland,No,Yes,Yes,Yes,No,,,,,,,,,,,,
23,female,Ireland,No,Yes,No,Yes,Yes,,,,,,,,,,,,
39,Male,Netherlands,No,No,Yes,Not sure,Yes,,,,,,,,,,,,
32,Female,Ireland,No,Yes,Yes,Yes,Don't know,,,,,,,,,,,,
25,Male,United States,No,Yes,Don't know,Yes,No,,,,,,,,,,,,
39,Male,Greece,No,Yes,No,No,No,,,,,,,,,,,,
23,Female,United Kingdom,No,Yes,No,Yes,No,,,,,,,,,,,,
24,Cis Man,United Kingdom,Yes,Yes,No,No,No,,,,,,,,,,,,
25,Male,United Kingdom,No,No,Yes,Yes,Yes,,,,,,,,,,,,
23,Male,United Kingdom,No,Yes,No,Yes,No,,,,,,,,,,,,
24,"ostensibly male, unsure what that really means",United Kingdom,No,No,Don't know,No,No,,,,,,,,,,,,
23,Male,Canada,No,Yes,Yes,Yes,Yes,,,,,,,,,,,,
60,Male,United States,No,Yes,Don't know,No,Yes,,,,,,,,,,,,
28,male,Ireland,No,Yes,No,Yes,No,,,,,,,,,,,,
28,Male,United States,No,No,Yes,Yes,Yes,,,,,,,,,,,,
30,male,Netherlands,No,Yes,Don't know,No,No,,,,,,,,,,,,
31,male,Germany,No,Yes,Don't know,No,No,,,,,,,,,,,,
31,Male,Poland,Yes,Yes,No,No,No,,,,,,,,,,,,
28,Male,Ireland,No,Yes,Don't know,No,No,,,,,,,,,,,,
43,f,United States,No,Yes,Yes,Yes,No,,,,,,,,,,,,
32,female,United Kingdom,No,No,No,No,No,,,,,,,,,,,,
22,Male,Australia,No,No,Yes,Yes,Yes,,,,,,,,,,,,
32,Male,United States,No,Yes,Yes,Not sure,Don't know,,,,,,,,,,,,
36,male,Finland,No,Yes,No,No,No,,,,,,,,,,,,
41,Female,United States,No,Yes,Yes,No,No,,,,,,,,,,,,
30,M,United States,No,Yes,Yes,Yes,Don't know,,,,,,,,,,,,
30,Male,United States,Yes,Yes,Yes,Not sure,Yes,,,,,,,,,,,,
36,Male,South Africa,No,No,No,Yes,No,,,,,,,,,,,,
29,male,United States,No,Yes,Yes,Yes,Yes,,,,,,,,,,,,
36,Male,United States,No,No,Don't know,No,Yes,,,,,,,,,,,,
26,male,United Kingdom,No,Yes,No,No,No,,,,,,,,,,,,
32,Male,United States,No,Yes,Yes,Yes,No,,,,,,,,,,,,
34,male,United States,No,Yes,Yes,Yes,No,,,,,,,,,,,,
46,f,United States,No,Yes,No,Yes,No,,,,,,,,,,,,
25,Male,United States,No,No,Yes,Yes,No,,,,,,,,,,,,
41,Male,Australia,No,No,No,No,No,,,,,,,,,,,,